month,active_customers,paying_customers
2022-01,377,377
2022-02,478,457
2022-03,505,467
2022-04,520,499
2022-05,551,532
2022-06,575,520
2022-07,603,586
2022-08,624,609
2022-09,640,629
2022-10,670,654
2022-11,684,669
2022-12,709,697
2023-01,753,733
2023-02,780,763
2023-03,811,792
2023-04,850,822
2023-05,884,861
2023-06,927,899
2023-07,988,959
2023-08,1045,1021
2023-09,1096,1078
2023-10,1150,1133
2023-11,1215,1203
2023-12,1265,1241
2024-01,1310,1283
2024-02,1325,1292
2024-03,1356,1320
2024-04,1420,1397
2024-05,1479,1457
2024-06,1548,1530
2024-07,1580,1566
2024-08,1624,1602
2024-09,1675,1645
2024-10,1727,1678
