month,movement,amount_cop,mrr_open,mrr_close,scenario
2022-01,new,0.0,,35000308.35,Modelo actual (caja)
2022-02,new,11147080.56,35000308.35,43818509.910000004,Modelo actual (caja)
2022-03,new,2780438.64,43818509.910000004,39545237.97,Modelo actual (caja)
2022-04,new,3975300.0,39545237.97,48794921.91,Modelo actual (caja)
2022-05,new,5894203.14,48794921.91,49299193.86,Modelo actual (caja)
2022-06,new,2673999.9299999997,49299193.86,39545196.6,Modelo actual (caja)
2022-07,new,5484038.07,39545196.6,49378369.95,Modelo actual (caja)
2022-08,new,2553621.0,49378369.95,55090995.54,Modelo actual (caja)
2022-09,new,1347150.0,55090995.54,50463767.76,Modelo actual (caja)
2022-10,new,2252250.0,50463767.76,49268442.09,Modelo actual (caja)
2022-11,new,1474725.0,49268442.09,50274228.9,Modelo actual (caja)
2022-12,new,6569241.0,50274228.9,62411971.65,Modelo actual (caja)
2023-01,new,3693081.0,62411971.65,56363068.02,Modelo actual (caja)
2023-02,new,1641990.0,56363068.02,55518865.5,Modelo actual (caja)
2023-03,new,1683150.0,55518865.5,56690874.03,Modelo actual (caja)
2023-04,new,2886870.0,56690874.03,60082807.05,Modelo actual (caja)
2023-05,new,1996049.58,60082807.05,62022100.56,Modelo actual (caja)
2023-06,new,2178540.0,62022100.56,62013615.93,Modelo actual (caja)
2023-07,new,2532600.0,62013615.93,64476189.96,Modelo actual (caja)
2023-08,new,2993130.0,64476189.96,68120097.99,Modelo actual (caja)
2023-09,new,2253550.32,68120097.99,69249404.07,Modelo actual (caja)
2023-10,new,2961945.0,69249404.07,71855032.83,Modelo actual (caja)
2023-11,new,3278191.35,71855032.83,76874755.02,Modelo actual (caja)
2023-12,new,3064950.0,76874755.02,77918005.2,Modelo actual (caja)
2024-01,new,2313787.98,77918005.2,76506001.95,Modelo actual (caja)
2024-02,new,1287465.9,76506001.95,75633087.18,Modelo actual (caja)
2024-03,new,2707393.29,75633087.18,78038810.01,Modelo actual (caja)
2024-04,new,4189594.29,78038810.01,84120683.85,Modelo actual (caja)
2024-05,new,3984671.67,84120683.85,85651681.29,Modelo actual (caja)
2024-06,new,4629579.78,85651681.29,90094989.39,Modelo actual (caja)
2024-07,new,2378775.21,90094989.39,89433913.8,Modelo actual (caja)
2024-08,new,2090916.66,89433913.8,91188777.33,Modelo actual (caja)
2024-09,new,2382899.19,91188777.33,92663692.8,Modelo actual (caja)
2024-10,new,2201333.4,92663692.8,97007446.83,Modelo actual (caja)
2022-01,expansion,0.0,,35000308.35,Modelo actual (caja)
2022-02,expansion,1323157.5,35000308.35,43818509.910000004,Modelo actual (caja)
2022-03,expansion,1298872.26,43818509.910000004,39545237.97,Modelo actual (caja)
2022-04,expansion,1006661.0399999999,39545237.97,48794921.91,Modelo actual (caja)
2022-05,expansion,2277227.19,48794921.91,49299193.86,Modelo actual (caja)
2022-06,expansion,570839.85,49299193.86,39545196.6,Modelo actual (caja)
2022-07,expansion,934477.11,39545196.6,49378369.95,Modelo actual (caja)
2022-08,expansion,2195319.84,49378369.95,55090995.54,Modelo actual (caja)
2022-09,expansion,596889.9299999999,55090995.54,50463767.76,Modelo actual (caja)
2022-10,expansion,337104.6,50463767.76,49268442.09,Modelo actual (caja)
2022-11,expansion,572913.3900000002,49268442.09,50274228.9,Modelo actual (caja)
2022-12,expansion,1517781.72,50274228.9,62411971.65,Modelo actual (caja)
2023-01,expansion,1389156.09,62411971.65,56363068.02,Modelo actual (caja)
2023-02,expansion,1208518.08,56363068.02,55518865.5,Modelo actual (caja)
2023-03,expansion,686002.3800000004,55518865.5,56690874.03,Modelo actual (caja)
2023-04,expansion,1524296.3399999994,56690874.03,60082807.05,Modelo actual (caja)
2023-05,expansion,1787021.8800000001,60082807.05,62022100.56,Modelo actual (caja)
2023-06,expansion,853632.7800000001,62022100.56,62013615.93,Modelo actual (caja)
2023-07,expansion,455728.35,62013615.93,64476189.96,Modelo actual (caja)
2023-08,expansion,1508422.44,64476189.96,68120097.99,Modelo actual (caja)
2023-09,expansion,452027.1,68120097.99,69249404.07,Modelo actual (caja)
2023-10,expansion,1038631.6499999999,69249404.07,71855032.83,Modelo actual (caja)
2023-11,expansion,2317474.32,71855032.83,76874755.02,Modelo actual (caja)
2023-12,expansion,1758629.04,76874755.02,77918005.2,Modelo actual (caja)
2024-01,expansion,945732.69,77918005.2,76506001.95,Modelo actual (caja)
2024-02,expansion,858304.02,76506001.95,75633087.18,Modelo actual (caja)
2024-03,expansion,1199441.04,75633087.18,78038810.01,Modelo actual (caja)
2024-04,expansion,1231150.4099999997,78038810.01,84120683.85,Modelo actual (caja)
2024-05,expansion,1223096.7,84120683.85,85651681.29,Modelo actual (caja)
2024-06,expansion,1005462.57,85651681.29,90094989.39,Modelo actual (caja)
2024-07,expansion,1145364.7800000003,90094989.39,89433913.8,Modelo actual (caja)
2024-08,expansion,1883765.7299999997,89433913.8,91188777.33,Modelo actual (caja)
2024-09,expansion,1934892.75,91188777.33,92663692.8,Modelo actual (caja)
2024-10,expansion,2129003.52,92663692.8,97007446.83,Modelo actual (caja)
2022-01,contraction,0.0,,35000308.35,Modelo actual (caja)
2022-02,contraction,-1449323.3999999994,35000308.35,43818509.910000004,Modelo actual (caja)
2022-03,contraction,-5017159.98,43818509.910000004,39545237.97,Modelo actual (caja)
2022-04,contraction,-2079954.4500000002,39545237.97,48794921.91,Modelo actual (caja)
2022-05,contraction,-6084725.01,48794921.91,49299193.86,Modelo actual (caja)
2022-06,contraction,-4507359.78,49299193.86,39545196.6,Modelo actual (caja)
2022-07,contraction,-2077320.63,39545196.6,49378369.95,Modelo actual (caja)
2022-08,contraction,-4308861.48,49378369.95,55090995.54,Modelo actual (caja)
2022-09,contraction,-9289648.62,55090995.54,50463767.76,Modelo actual (caja)
2022-10,contraction,-3728576.0400000005,50463767.76,49268442.09,Modelo actual (caja)
2022-11,contraction,-1598682.96,49268442.09,50274228.9,Modelo actual (caja)
2022-12,contraction,-1091625.3599999999,50274228.9,62411971.65,Modelo actual (caja)
2023-01,contraction,-6018452.58,62411971.65,56363068.02,Modelo actual (caja)
2023-02,contraction,-4177524.54,56363068.02,55518865.5,Modelo actual (caja)
2023-03,contraction,-1354823.82,55518865.5,56690874.03,Modelo actual (caja)
2023-04,contraction,-1560747.51,56690874.03,60082807.05,Modelo actual (caja)
2023-05,contraction,-1529923.2900000003,60082807.05,62022100.56,Modelo actual (caja)
2023-06,contraction,-2878848.42,62022100.56,62013615.93,Modelo actual (caja)
2023-07,contraction,-1989781.08,62013615.93,64476189.96,Modelo actual (caja)
2023-08,contraction,-1549085.79,64476189.96,68120097.99,Modelo actual (caja)
2023-09,contraction,-2234469.0900000003,68120097.99,69249404.07,Modelo actual (caja)
2023-10,contraction,-1672858.95,69249404.07,71855032.83,Modelo actual (caja)
2023-11,contraction,-1443945.2999999998,71855032.83,76874755.02,Modelo actual (caja)
2023-12,contraction,-1731645.5099999995,76874755.02,77918005.2,Modelo actual (caja)
2024-01,contraction,-2161808.88,77918005.2,76506001.95,Modelo actual (caja)
2024-02,contraction,-1595755.9800000002,76506001.95,75633087.18,Modelo actual (caja)
2024-03,contraction,-1246638.54,75633087.18,78038810.01,Modelo actual (caja)
2024-04,contraction,-1902571.02,78038810.01,84120683.85,Modelo actual (caja)
2024-05,contraction,-3835044.7800000003,84120683.85,85651681.29,Modelo actual (caja)
2024-06,contraction,-3099967.92,85651681.29,90094989.39,Modelo actual (caja)
2024-07,contraction,-1934912.49,90094989.39,89433913.8,Modelo actual (caja)
2024-08,contraction,-1608508.23,89433913.8,91188777.33,Modelo actual (caja)
2024-09,contraction,-2001928.1099999996,91188777.33,92663692.8,Modelo actual (caja)
2024-10,contraction,-2143197.0,92663692.8,97007446.83,Modelo actual (caja)
2022-01,churn,0.0,,35000308.35,Modelo actual (caja)
2022-02,churn,-2202713.1,35000308.35,43818509.910000004,Modelo actual (caja)
2022-03,churn,-5102748.42,43818509.910000004,39545237.97,Modelo actual (caja)
2022-04,churn,-2446897.1100000003,39545237.97,48794921.91,Modelo actual (caja)
2022-05,churn,-3799724.04,48794921.91,49299193.86,Modelo actual (caja)
2022-06,churn,-10066918.05,49299193.86,39545196.6,Modelo actual (caja)
2022-07,churn,-878929.8,39545196.6,49378369.95,Modelo actual (caja)
2022-08,churn,-4327468.109999999,49378369.95,55090995.54,Modelo actual (caja)
2022-09,churn,-571536.0,55090995.54,50463767.76,Modelo actual (caja)
2022-10,churn,-931804.23,50463767.76,49268442.09,Modelo actual (caja)
2022-11,churn,-820768.62,49268442.09,50274228.9,Modelo actual (caja)
2022-12,churn,-624490.02,50274228.9,62411971.65,Modelo actual (caja)
2023-01,churn,-5991286.9799999995,62411971.65,56363068.02,Modelo actual (caja)
2023-02,churn,-942156.39,56363068.02,55518865.5,Modelo actual (caja)
2023-03,churn,-1231995.03,55518865.5,56690874.03,Modelo actual (caja)
2023-04,churn,-2295359.43,56690874.03,60082807.05,Modelo actual (caja)
2023-05,churn,-3766588.56,60082807.05,62022100.56,Modelo actual (caja)
2023-06,churn,-1707114.57,62022100.56,62013615.93,Modelo actual (caja)
2023-07,churn,-2159391.5700000003,62013615.93,64476189.96,Modelo actual (caja)
2023-08,churn,-1793656.8299999998,64476189.96,68120097.99,Modelo actual (caja)
2023-09,churn,-1132168.17,68120097.99,69249404.07,Modelo actual (caja)
2023-10,churn,-1044526.14,69249404.07,71855032.83,Modelo actual (caja)
2023-11,churn,-698598.18,71855032.83,76874755.02,Modelo actual (caja)
2023-12,churn,-2925550.95,76874755.02,77918005.2,Modelo actual (caja)
2024-01,churn,-3640180.1100000003,77918005.2,76506001.95,Modelo actual (caja)
2024-02,churn,-3179276.52,76506001.95,75633087.18,Modelo actual (caja)
2024-03,churn,-1758939.21,75633087.18,78038810.01,Modelo actual (caja)
2024-04,churn,-906068.94,78038810.01,84120683.85,Modelo actual (caja)
2024-05,churn,-1520191.47,84120683.85,85651681.29,Modelo actual (caja)
2024-06,churn,-1671190.5,85651681.29,90094989.39,Modelo actual (caja)
2024-07,churn,-4306536.15,90094989.39,89433913.8,Modelo actual (caja)
2024-08,churn,-1770233.85,89433913.8,91188777.33,Modelo actual (caja)
2024-09,churn,-1724993.97,91188777.33,92663692.8,Modelo actual (caja)
2024-10,churn,-2300122.02,92663692.8,97007446.83,Modelo actual (caja)
2022-01,reactivation,0.0,,35000308.35,Modelo actual (caja)
2022-02,reactivation,0.0,35000308.35,43818509.910000004,Modelo actual (caja)
2022-03,reactivation,1767325.56,43818509.910000004,39545237.97,Modelo actual (caja)
2022-04,reactivation,8794574.46,39545237.97,48794921.91,Modelo actual (caja)
2022-05,reactivation,2217290.67,48794921.91,49299193.86,Modelo actual (caja)
2022-06,reactivation,1575440.79,49299193.86,39545196.6,Modelo actual (caja)
2022-07,reactivation,6370908.6,39545196.6,49378369.95,Modelo actual (caja)
2022-08,reactivation,9600014.34,49378369.95,55090995.54,Modelo actual (caja)
2022-09,reactivation,3289916.91,55090995.54,50463767.76,Modelo actual (caja)
2022-10,reactivation,875700.0,50463767.76,49268442.09,Modelo actual (caja)
2022-11,reactivation,1377600.0,49268442.09,50274228.9,Modelo actual (caja)
2022-12,reactivation,5766835.41,50274228.9,62411971.65,Modelo actual (caja)
2023-01,reactivation,878598.8400000001,62411971.65,56363068.02,Modelo actual (caja)
2023-02,reactivation,1424970.33,56363068.02,55518865.5,Modelo actual (caja)
2023-03,reactivation,1389675.0,55518865.5,56690874.03,Modelo actual (caja)
2023-04,reactivation,2836873.62,56690874.03,60082807.05,Modelo actual (caja)
2023-05,reactivation,3452733.9,60082807.05,62022100.56,Modelo actual (caja)
2023-06,reactivation,1545305.58,62022100.56,62013615.93,Modelo actual (caja)
2023-07,reactivation,3623418.33,62013615.93,64476189.96,Modelo actual (caja)
2023-08,reactivation,2485098.21,64476189.96,68120097.99,Modelo actual (caja)
2023-09,reactivation,1790365.92,68120097.99,69249404.07,Modelo actual (caja)
2023-10,reactivation,1322437.2,69249404.07,71855032.83,Modelo actual (caja)
2023-11,reactivation,1566600.0,71855032.83,76874755.02,Modelo actual (caja)
2023-12,reactivation,876867.6000000001,76874755.02,77918005.2,Modelo actual (caja)
2024-01,reactivation,1130465.07,77918005.2,76506001.95,Modelo actual (caja)
2024-02,reactivation,1756347.81,76506001.95,75633087.18,Modelo actual (caja)
2024-03,reactivation,1504466.25,75633087.18,78038810.01,Modelo actual (caja)
2024-04,reactivation,3469769.1,78038810.01,84120683.85,Modelo actual (caja)
2024-05,reactivation,1678465.32,84120683.85,85651681.29,Modelo actual (caja)
2024-06,reactivation,3579424.17,85651681.29,90094989.39,Modelo actual (caja)
2024-07,reactivation,2056233.06,90094989.39,89433913.8,Modelo actual (caja)
2024-08,reactivation,1158923.22,89433913.8,91188777.33,Modelo actual (caja)
2024-09,reactivation,884045.61,91188777.33,92663692.8,Modelo actual (caja)
2024-10,reactivation,4456736.13,92663692.8,97007446.83,Modelo actual (caja)
2022-01,new,0.0,,33767958.35,Corregido (N=2)
2022-02,new,7170989.91,33767958.35,40549791.59,Corregido (N=2)
2022-03,new,2033162.88,40549791.59,42580989.71,Corregido (N=2)
2022-04,new,1099800.0,42580989.71,43237479.5,Corregido (N=2)
2022-05,new,2132845.47,43237479.5,46053293.9,Corregido (N=2)
2022-06,new,1546824.93,46053293.9,46420856.06,Corregido (N=2)
2022-07,new,2545829.23,46420856.06,48124145.76,Corregido (N=2)
2022-08,new,1577121.0,48124145.76,48859902.6,Corregido (N=2)
2022-09,new,748650.0,48859902.6,48362755.11,Corregido (N=2)
2022-10,new,1916250.0,48362755.11,49714395.54,Corregido (N=2)
2022-11,new,1474725.0,49714395.54,50497919.85,Corregido (N=2)
2022-12,new,1594098.8,50497919.85,54076049.3,Corregido (N=2)
2023-01,new,2839216.8,54076049.3,55330603.86,Corregido (N=2)
2023-02,new,1629390.0,55330603.86,56225014.23,Corregido (N=2)
2023-03,new,1354150.0,56225014.23,56225722.42,Corregido (N=2)
2023-04,new,2649045.0,56225722.42,59047782.85,Corregido (N=2)
2023-05,new,1802849.58,59047782.85,61063357.6,Corregido (N=2)
2023-06,new,2052540.0,61063357.6,62544455.645,Corregido (N=2)
2023-07,new,2532600.0,62544455.645,64113711.235,Corregido (N=2)
2023-08,new,2751630.0,64113711.235,67966658.305,Corregido (N=2)
2023-09,new,2043550.32,67966658.305,69161721.685,Corregido (N=2)
2023-10,new,2752479.135,69161721.685,71955914.59,Corregido (N=2)
2023-11,new,2893191.35,71955914.59,75430617.465,Corregido (N=2)
2023-12,new,2276190.0,75430617.465,78275554.81136364,Corregido (N=2)
2024-01,new,2313787.98,78275554.81136364,78184415.44136363,Corregido (N=2)
2024-02,new,1255965.9,78184415.44136363,76754670.34136364,Corregido (N=2)
2024-03,new,2083693.29,76754670.34136364,78985997.51636364,Corregido (N=2)
2024-04,new,3107934.495,78985997.51636364,82504851.71636364,Corregido (N=2)
2024-05,new,3284321.67,82504851.71636364,84865240.27136363,Corregido (N=2)
2024-06,new,4161687.39,84865240.27136363,87446794.45636363,Corregido (N=2)
2024-07,new,2095275.21,87446794.45636363,88931230.06636363,Corregido (N=2)
2024-08,new,2090916.66,88931230.06636363,90969239.46636364,Corregido (N=2)
2024-09,new,2268726.81,90969239.46636364,93354876.84636363,Corregido (N=2)
2024-10,new,2201333.4,93354876.84636363,97601503.35636364,Corregido (N=2)
2022-01,expansion,0.0,,33767958.35,Corregido (N=2)
2022-02,expansion,533913.87,33767958.35,40549791.59,Corregido (N=2)
2022-03,expansion,655891.74,40549791.59,42580989.71,Corregido (N=2)
2022-04,expansion,1016388.2399999996,42580989.71,43237479.5,Corregido (N=2)
2022-05,expansion,1825055.19,43237479.5,46053293.9,Corregido (N=2)
2022-06,expansion,403312.35,46053293.9,46420856.06,Corregido (N=2)
2022-07,expansion,858940.11,46420856.06,48124145.76,Corregido (N=2)
2022-08,expansion,971787.3900000002,48124145.76,48859902.6,Corregido (N=2)
2022-09,expansion,235689.92999999996,48859902.6,48362755.11,Corregido (N=2)
2022-10,expansion,221604.6,48362755.11,49714395.54,Corregido (N=2)
2022-11,expansion,520413.39000000025,49714395.54,50497919.85,Corregido (N=2)
2022-12,expansion,1228608.57,50497919.85,54076049.3,Corregido (N=2)
2023-01,expansion,747899.2499999998,54076049.3,55330603.86,Corregido (N=2)
2023-02,expansion,1176543.9,55330603.86,56225014.23,Corregido (N=2)
2023-03,expansion,448104.3000000003,56225014.23,56225722.42,Corregido (N=2)
2023-04,expansion,802199.5799999994,56225722.42,59047782.85,Corregido (N=2)
2023-05,expansion,1568414.82,59047782.85,61063357.6,Corregido (N=2)
2023-06,expansion,688350.1800000002,61063357.6,62544455.645,Corregido (N=2)
2023-07,expansion,261647.19,62544455.645,64113711.235,Corregido (N=2)
2023-08,expansion,1680087.78,64113711.235,67966658.305,Corregido (N=2)
2023-09,expansion,278736.77999999997,67966658.305,69161721.685,Corregido (N=2)
2023-10,expansion,799985.13,69161721.685,71955914.59,Corregido (N=2)
2023-11,expansion,1749774.1799999997,71955914.59,75430617.465,Corregido (N=2)
2023-12,expansion,1634318.49,75430617.465,78275554.81136364,Corregido (N=2)
2024-01,expansion,873028.1699999999,78275554.81136364,78184415.44136363,Corregido (N=2)
2024-02,expansion,800451.3300000001,78184415.44136363,76754670.34136364,Corregido (N=2)
2024-03,expansion,1142462.0550000002,76754670.34136364,78985997.51636364,Corregido (N=2)
2024-04,expansion,1297708.1249999998,78985997.51636364,82504851.71636364,Corregido (N=2)
2024-05,expansion,969725.4,82504851.71636364,84865240.27136363,Corregido (N=2)
2024-06,expansion,502130.16,84865240.27136363,87446794.45636363,Corregido (N=2)
2024-07,expansion,847682.4300000004,87446794.45636363,88931230.06636363,Corregido (N=2)
2024-08,expansion,1247973.51,88931230.06636363,90969239.46636364,Corregido (N=2)
2024-09,expansion,880692.54,90969239.46636364,93354876.84636363,Corregido (N=2)
2024-10,expansion,1591645.44,93354876.84636363,97601503.35636364,Corregido (N=2)
2022-01,contraction,0.0,,33767958.35,Corregido (N=2)
2022-02,contraction,-706973.3999999994,33767958.35,40549791.59,Corregido (N=2)
2022-03,contraction,-500675.7,40549791.59,42580989.71,Corregido (N=2)
2022-04,contraction,-952692.0900000001,42580989.71,43237479.5,Corregido (N=2)
2022-05,contraction,-574524.51,43237479.5,46053293.9,Corregido (N=2)
2022-06,contraction,-739399.08,46053293.9,46420856.06,Corregido (N=2)
2022-07,contraction,-1699719.84,46420856.06,48124145.76,Corregido (N=2)
2022-08,contraction,-1052263.38,48124145.76,48859902.6,Corregido (N=2)
2022-09,contraction,-1439487.42,48859902.6,48362755.11,Corregido (N=2)
2022-10,contraction,-690209.9400000004,48362755.11,49714395.54,Corregido (N=2)
2022-11,contraction,-896682.96,49714395.54,50497919.85,Corregido (N=2)
2022-12,contraction,-740967.3599999998,50497919.85,54076049.3,Corregido (N=2)
2023-01,contraction,-915477.1500000003,54076049.3,55330603.86,Corregido (N=2)
2023-02,contraction,-1589921.3399999999,55330603.86,56225014.23,Corregido (N=2)
2023-03,contraction,-1018631.88,56225014.23,56225722.42,Corregido (N=2)
2023-04,contraction,-284602.49999999994,56225722.42,59047782.85,Corregido (N=2)
2023-05,contraction,-888950.5800000001,59047782.85,61063357.6,Corregido (N=2)
2023-06,contraction,-1280497.505,61063357.6,62544455.645,Corregido (N=2)
2023-07,contraction,-1213314.6900000002,62544455.645,64113711.235,Corregido (N=2)
2023-08,contraction,-301985.46,64113711.235,67966658.305,Corregido (N=2)
2023-09,contraction,-1115848.4400000002,67966658.305,69161721.685,Corregido (N=2)
2023-10,contraction,-637990.9199999998,69161721.685,71955914.59,Corregido (N=2)
2023-11,contraction,-742450.485,71955914.59,75430617.465,Corregido (N=2)
2023-12,contraction,-859703.8799999997,75430617.465,78275554.81136364,Corregido (N=2)
2024-01,contraction,-2841902.7,78275554.81136364,78184415.44136363,Corregido (N=2)
2024-02,contraction,-1468122.3900000001,78184415.44136363,76754670.34136364,Corregido (N=2)
2024-03,contraction,-569284.8,76754670.34136364,78985997.51636364,Corregido (N=2)
2024-04,contraction,-784636.02,78985997.51636364,82504851.71636364,Corregido (N=2)
2024-05,contraction,-1408400.385,82504851.71636364,84865240.27136363,Corregido (N=2)
2024-06,contraction,-1402856.9100000001,84865240.27136363,87446794.45636363,Corregido (N=2)
2024-07,contraction,-715283.94,87446794.45636363,88931230.06636363,Corregido (N=2)
2024-08,contraction,-700476.63,88931230.06636363,90969239.46636364,Corregido (N=2)
2024-09,contraction,-957405.5399999998,90969239.46636364,93354876.84636363,Corregido (N=2)
2024-10,contraction,-1197301.35,93354876.84636363,97601503.35636364,Corregido (N=2)
2022-01,price_uplift,0.0,,33767958.35,Corregido (N=2)
2022-02,price_uplift,0.0,33767958.35,40549791.59,Corregido (N=2)
2022-03,price_uplift,32477.76000000001,40549791.59,42580989.71,Corregido (N=2)
2022-04,price_uplift,0.0,42580989.71,43237479.5,Corregido (N=2)
2022-05,price_uplift,2436.0,43237479.5,46053293.9,Corregido (N=2)
2022-06,price_uplift,0.0,46053293.9,46420856.06,Corregido (N=2)
2022-07,price_uplift,2519.9999999999854,46420856.06,48124145.76,Corregido (N=2)
2022-08,price_uplift,0.0,48124145.76,48859902.6,Corregido (N=2)
2022-09,price_uplift,0.0,48859902.6,48362755.11,Corregido (N=2)
2022-10,price_uplift,0.0,48362755.11,49714395.54,Corregido (N=2)
2022-11,price_uplift,0.0,49714395.54,50497919.85,Corregido (N=2)
2022-12,price_uplift,21694.050000000003,50497919.85,54076049.3,Corregido (N=2)
2023-01,price_uplift,28767.059999999998,54076049.3,55330603.86,Corregido (N=2)
2023-02,price_uplift,48506.42999999999,55330603.86,56225014.23,Corregido (N=2)
2023-03,price_uplift,45880.8,56225014.23,56225722.42,Corregido (N=2)
2023-04,price_uplift,127841.07000000002,56225722.42,59047782.85,Corregido (N=2)
2023-05,price_uplift,162134.49000000002,59047782.85,61063357.6,Corregido (N=2)
2023-06,price_uplift,26293.890000000014,61063357.6,62544455.645,Corregido (N=2)
2023-07,price_uplift,33158.16000000002,62544455.645,64113711.235,Corregido (N=2)
2023-08,price_uplift,62706.21000000002,64113711.235,67966658.305,Corregido (N=2)
2023-09,price_uplift,43982.19,67966658.305,69161721.685,Corregido (N=2)
2023-10,price_uplift,53264.39999999998,69161721.685,71955914.59,Corregido (N=2)
2023-11,price_uplift,45986.009999999995,71955914.59,75430617.465,Corregido (N=2)
2023-12,price_uplift,59166.73636363642,75430617.465,78275554.81136364,Corregido (N=2)
2024-01,price_uplift,58275.42000000003,78275554.81136364,78184415.44136363,Corregido (N=2)
2024-02,price_uplift,44986.19999999998,78184415.44136363,76754670.34136364,Corregido (N=2)
2024-03,price_uplift,7915.320000000003,76754670.34136364,78985997.51636364,Corregido (N=2)
2024-04,price_uplift,2350.9500000000025,78985997.51636364,82504851.71636364,Corregido (N=2)
2024-05,price_uplift,60611.039999999964,82504851.71636364,84865240.27136363,Corregido (N=2)
2024-06,price_uplift,49861.77000000003,84865240.27136363,87446794.45636363,Corregido (N=2)
2024-07,price_uplift,80753.82,87446794.45636363,88931230.06636363,Corregido (N=2)
2024-08,price_uplift,97450.71000000005,88931230.06636363,90969239.46636364,Corregido (N=2)
2024-09,price_uplift,125091.96000000002,90969239.46636364,93354876.84636363,Corregido (N=2)
2024-10,price_uplift,374499.09,93354876.84636363,97601503.35636364,Corregido (N=2)
2022-01,churn,0.0,,33767958.35,Corregido (N=2)
2022-02,churn,-216097.14,33767958.35,40549791.59,Corregido (N=2)
2022-03,churn,-189658.56,40549791.59,42580989.71,Corregido (N=2)
2022-04,churn,-507006.36,42580989.71,43237479.5,Corregido (N=2)
2022-05,churn,-569997.75,43237479.5,46053293.9,Corregido (N=2)
2022-06,churn,-962876.04,46053293.9,46420856.06,Corregido (N=2)
2022-07,churn,-455779.8,46420856.06,48124145.76,Corregido (N=2)
2022-08,churn,-780838.17,48124145.76,48859902.6,Corregido (N=2)
2022-09,churn,-42000.0,48859902.6,48362755.11,Corregido (N=2)
2022-10,churn,-232504.22999999998,48362755.11,49714395.54,Corregido (N=2)
2022-11,churn,-356931.12,49714395.54,50497919.85,Corregido (N=2)
2022-12,churn,-48040.02,50497919.85,54076049.3,Corregido (N=2)
2023-01,churn,-1585139.57,54076049.3,55330603.86,Corregido (N=2)
2023-02,churn,-441508.62,55330603.86,56225014.23,Corregido (N=2)
2023-03,churn,-828795.03,56225014.23,56225722.42,Corregido (N=2)
2023-04,churn,-488172.72,56225722.42,59047782.85,Corregido (N=2)
2023-05,churn,-691873.56,59047782.85,61063357.6,Corregido (N=2)
2023-06,churn,-152588.52,61063357.6,62544455.645,Corregido (N=2)
2023-07,churn,-428635.9,62544455.645,64113711.235,Corregido (N=2)
2023-08,churn,-501191.45999999996,64113711.235,67966658.305,Corregido (N=2)
2023-09,churn,-411017.04,67966658.305,69161721.685,Corregido (N=2)
2023-10,churn,-465566.64,69161721.685,71955914.59,Corregido (N=2)
2023-11,churn,-673398.18,71955914.59,75430617.465,Corregido (N=2)
2023-12,churn,-321965.0,75430617.465,78275554.81136364,Corregido (N=2)
2024-01,churn,-494328.24,78275554.81136364,78184415.44136363,Corregido (N=2)
2024-02,churn,-2063026.1400000001,78184415.44136363,76754670.34136364,Corregido (N=2)
2024-03,churn,-548958.6900000001,76754670.34136364,78985997.51636364,Corregido (N=2)
2024-04,churn,-162043.35,78985997.51636364,82504851.71636364,Corregido (N=2)
2024-05,churn,-873402.1799999999,82504851.71636364,84865240.27136363,Corregido (N=2)
2024-06,churn,-861848.365,84865240.27136363,87446794.45636363,Corregido (N=2)
2024-07,churn,-1255593.99,87446794.45636363,88931230.06636363,Corregido (N=2)
2024-08,churn,-726204.85,88931230.06636363,90969239.46636364,Corregido (N=2)
2024-09,churn,0.0,90969239.46636364,93354876.84636363,Corregido (N=2)
2024-10,churn,0.0,93354876.84636363,97601503.35636364,Corregido (N=2)
2022-01,reactivation,0.0,,33767958.35,Corregido (N=2)
2022-02,reactivation,0.0,33767958.35,40549791.59,Corregido (N=2)
2022-03,reactivation,0.0,40549791.59,42580989.71,Corregido (N=2)
2022-04,reactivation,0.0,42580989.71,43237479.5,Corregido (N=2)
2022-05,reactivation,0.0,43237479.5,46053293.9,Corregido (N=2)
2022-06,reactivation,119700.0,46053293.9,46420856.06,Corregido (N=2)
2022-07,reactivation,451500.0,46420856.06,48124145.76,Corregido (N=2)
2022-08,reactivation,19950.0,48124145.76,48859902.6,Corregido (N=2)
2022-09,reactivation,0.0,48859902.6,48362755.11,Corregido (N=2)
2022-10,reactivation,136500.0,48362755.11,49714395.54,Corregido (N=2)
2022-11,reactivation,42000.0,49714395.54,50497919.85,Corregido (N=2)
2022-12,reactivation,1522735.4100000001,50497919.85,54076049.3,Corregido (N=2)
2023-01,reactivation,139288.17,54076049.3,55330603.86,Corregido (N=2)
2023-02,reactivation,71400.0,55330603.86,56225014.23,Corregido (N=2)
2023-03,reactivation,0.0,56225014.23,56225722.42,Corregido (N=2)
2023-04,reactivation,15750.0,56225722.42,59047782.85,Corregido (N=2)
2023-05,reactivation,63000.0,59047782.85,61063357.6,Corregido (N=2)
2023-06,reactivation,147000.0,61063357.6,62544455.645,Corregido (N=2)
2023-07,reactivation,383800.83,62544455.645,64113711.235,Corregido (N=2)
2023-08,reactivation,161700.0,64113711.235,67966658.305,Corregido (N=2)
2023-09,reactivation,355659.57,67966658.305,69161721.685,Corregido (N=2)
2023-10,reactivation,292021.8,69161721.685,71955914.59,Corregido (N=2)
2023-11,reactivation,201600.0,71955914.59,75430617.465,Corregido (N=2)
2023-12,reactivation,56931.0,75430617.465,78275554.81136364,Corregido (N=2)
2024-01,reactivation,0.0,78275554.81136364,78184415.44136363,Corregido (N=2)
2024-02,reactivation,0.0,78184415.44136363,76754670.34136364,Corregido (N=2)
2024-03,reactivation,115500.0,76754670.34136364,78985997.51636364,Corregido (N=2)
2024-04,reactivation,57539.99999999999,78985997.51636364,82504851.71636364,Corregido (N=2)
2024-05,reactivation,327533.01,82504851.71636364,84865240.27136363,Corregido (N=2)
2024-06,reactivation,132580.13999999998,84865240.27136363,87446794.45636363,Corregido (N=2)
2024-07,reactivation,431602.07999999996,87446794.45636363,88931230.06636363,Corregido (N=2)
2024-08,reactivation,28350.0,88931230.06636363,90969239.46636364,Corregido (N=2)
2024-09,reactivation,68531.61,90969239.46636364,93354876.84636363,Corregido (N=2)
2024-10,reactivation,1276449.93,93354876.84636363,97601503.35636364,Corregido (N=2)
2022-01,new,0.0,,33767958.35,Corregido (N=1)
2022-02,new,7170989.91,33767958.35,40476291.59,Corregido (N=1)
2022-03,new,2033162.88,40476291.59,42349989.71,Corregido (N=1)
2022-04,new,1099800.0,42349989.71,43061037.5,Corregido (N=1)
2022-05,new,2132845.47,43061037.5,45950351.9,Corregido (N=1)
2022-06,new,1546824.93,45950351.9,46179356.06,Corregido (N=1)
2022-07,new,2545829.23,46179356.06,47966645.76,Corregido (N=1)
2022-08,new,1577121.0,47966645.76,48859902.6,Corregido (N=1)
2022-09,new,748650.0,48859902.6,48278755.11,Corregido (N=1)
2022-10,new,1916250.0,48278755.11,49588395.54,Corregido (N=1)
2022-11,new,1474725.0,49588395.54,50455919.85,Corregido (N=1)
2022-12,new,1594098.8,50455919.85,53985749.3,Corregido (N=1)
2023-01,new,2839216.8,53985749.3,55043428.86,Corregido (N=1)
2023-02,new,1629390.0,55043428.86,55862079.63,Corregido (N=1)
2023-03,new,1354150.0,55862079.63,56059662.82,Corregido (N=1)
2023-04,new,2649045.0,56059662.82,58995282.85,Corregido (N=1)
2023-05,new,1802849.58,58995282.85,61010857.6,Corregido (N=1)
2023-06,new,2052540.0,61010857.6,62403755.645,Corregido (N=1)
2023-07,new,2532600.0,62403755.645,63873359.725,Corregido (N=1)
2023-08,new,2751630.0,63873359.725,67829453.335,Corregido (N=1)
2023-09,new,2043550.32,67829453.335,69124168.225,Corregido (N=1)
2023-10,new,2752479.135,69124168.225,71905514.59,Corregido (N=1)
2023-11,new,2893191.35,71905514.59,75380217.465,Corregido (N=1)
2023-12,new,2276190.0,75380217.465,78275554.81136364,Corregido (N=1)
2024-01,new,2313787.98,78275554.81136364,78010115.44136363,Corregido (N=1)
2024-02,new,1255965.9,78010115.44136363,76495567.09136364,Corregido (N=1)
2024-03,new,2083693.29,76495567.09136364,78705753.98636363,Corregido (N=1)
2024-04,new,3107934.495,78705753.98636363,82178161.43636364,Corregido (N=1)
2024-05,new,3284321.67,82178161.43636364,84733990.27136363,Corregido (N=1)
2024-06,new,4161687.39,84733990.27136363,87446794.45636363,Corregido (N=1)
2024-07,new,2095275.21,87446794.45636363,88931230.06636363,Corregido (N=1)
2024-08,new,2090916.66,88931230.06636363,90805439.46636364,Corregido (N=1)
2024-09,new,2268726.81,90805439.46636364,92223050.97636364,Corregido (N=1)
2024-10,new,2201333.4,92223050.97636364,96633477.48636363,Corregido (N=1)
2022-01,expansion,0.0,,33767958.35,Corregido (N=1)
2022-02,expansion,533913.87,33767958.35,40476291.59,Corregido (N=1)
2022-03,expansion,655891.74,40476291.59,42349989.71,Corregido (N=1)
2022-04,expansion,1016388.2399999996,42349989.71,43061037.5,Corregido (N=1)
2022-05,expansion,1825055.19,43061037.5,45950351.9,Corregido (N=1)
2022-06,expansion,403312.35,45950351.9,46179356.06,Corregido (N=1)
2022-07,expansion,858940.11,46179356.06,47966645.76,Corregido (N=1)
2022-08,expansion,908787.3900000002,47966645.76,48859902.6,Corregido (N=1)
2022-09,expansion,235689.92999999996,48859902.6,48278755.11,Corregido (N=1)
2022-10,expansion,221604.6,48278755.11,49588395.54,Corregido (N=1)
2022-11,expansion,520413.39000000025,49588395.54,50455919.85,Corregido (N=1)
2022-12,expansion,997608.57,50455919.85,53985749.3,Corregido (N=1)
2023-01,expansion,747899.2499999998,53985749.3,55043428.86,Corregido (N=1)
2023-02,expansion,1161958.56,55043428.86,55862079.63,Corregido (N=1)
2023-03,expansion,448104.3000000003,55862079.63,56059662.82,Corregido (N=1)
2023-04,expansion,802199.5799999994,56059662.82,58995282.85,Corregido (N=1)
2023-05,expansion,1568414.82,58995282.85,61010857.6,Corregido (N=1)
2023-06,expansion,688350.1800000002,61010857.6,62403755.645,Corregido (N=1)
2023-07,expansion,261647.19,62403755.645,63873359.725,Corregido (N=1)
2023-08,expansion,1562487.78,63873359.725,67829453.335,Corregido (N=1)
2023-09,expansion,278736.77999999997,67829453.335,69124168.225,Corregido (N=1)
2023-10,expansion,711466.98,69124168.225,71905514.59,Corregido (N=1)
2023-11,expansion,1749774.1799999997,71905514.59,75380217.465,Corregido (N=1)
2023-12,expansion,1634318.49,75380217.465,78275554.81136364,Corregido (N=1)
2024-01,expansion,873028.1699999999,78275554.81136364,78010115.44136363,Corregido (N=1)
2024-02,expansion,803741.61,78010115.44136363,76495567.09136364,Corregido (N=1)
2024-03,expansion,1142462.0550000002,76495567.09136364,78705753.98636363,Corregido (N=1)
2024-04,expansion,1297708.1249999998,78705753.98636363,82178161.43636364,Corregido (N=1)
2024-05,expansion,969725.4,82178161.43636364,84733990.27136363,Corregido (N=1)
2024-06,expansion,492504.38999999996,84733990.27136363,87446794.45636363,Corregido (N=1)
2024-07,expansion,847682.4300000004,87446794.45636363,88931230.06636363,Corregido (N=1)
2024-08,expansion,1248214.38,88931230.06636363,90805439.46636364,Corregido (N=1)
2024-09,expansion,880692.54,90805439.46636364,92223050.97636364,Corregido (N=1)
2024-10,expansion,1591645.44,92223050.97636364,96633477.48636363,Corregido (N=1)
2022-01,contraction,0.0,,33767958.35,Corregido (N=1)
2022-02,contraction,-706973.3999999994,33767958.35,40476291.59,Corregido (N=1)
2022-03,contraction,-500675.7,40476291.59,42349989.71,Corregido (N=1)
2022-04,contraction,-952692.0900000001,42349989.71,43061037.5,Corregido (N=1)
2022-05,contraction,-574524.51,43061037.5,45950351.9,Corregido (N=1)
2022-06,contraction,-739399.08,45950351.9,46179356.06,Corregido (N=1)
2022-07,contraction,-1699719.84,46179356.06,47966645.76,Corregido (N=1)
2022-08,contraction,-1027063.38,47966645.76,48859902.6,Corregido (N=1)
2022-09,contraction,-1439487.42,48859902.6,48278755.11,Corregido (N=1)
2022-10,contraction,-690209.9400000004,48278755.11,49588395.54,Corregido (N=1)
2022-11,contraction,-896682.96,49588395.54,50455919.85,Corregido (N=1)
2022-12,contraction,-740967.3599999998,50455919.85,53985749.3,Corregido (N=1)
2023-01,contraction,-915477.1500000003,53985749.3,55043428.86,Corregido (N=1)
2023-02,contraction,-1589921.3399999999,55043428.86,55862079.63,Corregido (N=1)
2023-03,contraction,-1018631.88,55862079.63,56059662.82,Corregido (N=1)
2023-04,contraction,-284602.49999999994,56059662.82,58995282.85,Corregido (N=1)
2023-05,contraction,-888950.5800000001,58995282.85,61010857.6,Corregido (N=1)
2023-06,contraction,-1265797.505,61010857.6,62403755.645,Corregido (N=1)
2023-07,contraction,-1213314.6900000002,62403755.645,63873359.725,Corregido (N=1)
2023-08,contraction,-270485.46,63873359.725,67829453.335,Corregido (N=1)
2023-09,contraction,-1115848.4400000002,67829453.335,69124168.225,Corregido (N=1)
2023-10,contraction,-637990.9199999998,69124168.225,71905514.59,Corregido (N=1)
2023-11,contraction,-742450.485,71905514.59,75380217.465,Corregido (N=1)
2023-12,contraction,-840593.8799999997,75380217.465,78275554.81136364,Corregido (N=1)
2024-01,contraction,-2841902.7,78275554.81136364,78010115.44136363,Corregido (N=1)
2024-02,contraction,-1468122.3900000001,78010115.44136363,76495567.09136364,Corregido (N=1)
2024-03,contraction,-548284.8,76495567.09136364,78705753.98636363,Corregido (N=1)
2024-04,contraction,-778336.02,78705753.98636363,82178161.43636364,Corregido (N=1)
2024-05,contraction,-1380819.8250000002,82178161.43636364,84733990.27136363,Corregido (N=1)
2024-06,contraction,-1402856.9100000001,84733990.27136363,87446794.45636363,Corregido (N=1)
2024-07,contraction,-715283.94,87446794.45636363,88931230.06636363,Corregido (N=1)
2024-08,contraction,-700476.63,88931230.06636363,90805439.46636364,Corregido (N=1)
2024-09,contraction,-957405.5399999998,90805439.46636364,92223050.97636364,Corregido (N=1)
2024-10,contraction,-1163701.35,92223050.97636364,96633477.48636363,Corregido (N=1)
2022-01,price_uplift,0.0,,33767958.35,Corregido (N=1)
2022-02,price_uplift,0.0,33767958.35,40476291.59,Corregido (N=1)
2022-03,price_uplift,32477.76000000001,40476291.59,42349989.71,Corregido (N=1)
2022-04,price_uplift,0.0,42349989.71,43061037.5,Corregido (N=1)
2022-05,price_uplift,2436.0,43061037.5,45950351.9,Corregido (N=1)
2022-06,price_uplift,0.0,45950351.9,46179356.06,Corregido (N=1)
2022-07,price_uplift,2519.9999999999854,46179356.06,47966645.76,Corregido (N=1)
2022-08,price_uplift,0.0,47966645.76,48859902.6,Corregido (N=1)
2022-09,price_uplift,0.0,48859902.6,48278755.11,Corregido (N=1)
2022-10,price_uplift,0.0,48278755.11,49588395.54,Corregido (N=1)
2022-11,price_uplift,0.0,49588395.54,50455919.85,Corregido (N=1)
2022-12,price_uplift,21694.050000000003,50455919.85,53985749.3,Corregido (N=1)
2023-01,price_uplift,28767.059999999998,53985749.3,55043428.86,Corregido (N=1)
2023-02,price_uplift,48506.42999999999,55043428.86,55862079.63,Corregido (N=1)
2023-03,price_uplift,45880.8,55862079.63,56059662.82,Corregido (N=1)
2023-04,price_uplift,127841.07000000002,56059662.82,58995282.85,Corregido (N=1)
2023-05,price_uplift,162134.49000000002,58995282.85,61010857.6,Corregido (N=1)
2023-06,price_uplift,26293.890000000014,61010857.6,62403755.645,Corregido (N=1)
2023-07,price_uplift,33158.16000000002,62403755.645,63873359.725,Corregido (N=1)
2023-08,price_uplift,62706.21000000002,63873359.725,67829453.335,Corregido (N=1)
2023-09,price_uplift,43982.19,67829453.335,69124168.225,Corregido (N=1)
2023-10,price_uplift,53264.39999999998,69124168.225,71905514.59,Corregido (N=1)
2023-11,price_uplift,45986.009999999995,71905514.59,75380217.465,Corregido (N=1)
2023-12,price_uplift,59166.73636363642,75380217.465,78275554.81136364,Corregido (N=1)
2024-01,price_uplift,58275.42000000003,78275554.81136364,78010115.44136363,Corregido (N=1)
2024-02,price_uplift,41695.92,78010115.44136363,76495567.09136364,Corregido (N=1)
2024-03,price_uplift,7915.320000000003,76495567.09136364,78705753.98636363,Corregido (N=1)
2024-04,price_uplift,2350.9500000000025,78705753.98636363,82178161.43636364,Corregido (N=1)
2024-05,price_uplift,60611.039999999964,82178161.43636364,84733990.27136363,Corregido (N=1)
2024-06,price_uplift,49861.77000000003,84733990.27136363,87446794.45636363,Corregido (N=1)
2024-07,price_uplift,80753.82,87446794.45636363,88931230.06636363,Corregido (N=1)
2024-08,price_uplift,97209.84000000005,88931230.06636363,90805439.46636364,Corregido (N=1)
2024-09,price_uplift,125091.96000000002,90805439.46636364,92223050.97636364,Corregido (N=1)
2024-10,price_uplift,374499.09,92223050.97636364,96633477.48636363,Corregido (N=1)
2022-01,churn,0.0,,33767958.35,Corregido (N=1)
2022-02,churn,-289597.14,33767958.35,40476291.59,Corregido (N=1)
2022-03,churn,-347158.56,40476291.59,42349989.71,Corregido (N=1)
2022-04,churn,-525948.36,42349989.71,43061037.5,Corregido (N=1)
2022-05,churn,-653997.75,43061037.5,45950351.9,Corregido (N=1)
2022-06,churn,-1120376.04,45950351.9,46179356.06,Corregido (N=1)
2022-07,churn,-455779.8,46179356.06,47966645.76,Corregido (N=1)
2022-08,churn,-780838.17,47966645.76,48859902.6,Corregido (N=1)
2022-09,churn,-126000.0,48859902.6,48278755.11,Corregido (N=1)
2022-10,churn,-274504.23,48278755.11,49588395.54,Corregido (N=1)
2022-11,churn,-356931.12,49588395.54,50455919.85,Corregido (N=1)
2022-12,churn,-138340.02,50455919.85,53985749.3,Corregido (N=1)
2023-01,churn,-1782014.57,53985749.3,55043428.86,Corregido (N=1)
2023-02,churn,-607568.22,55043428.86,55862079.63,Corregido (N=1)
2023-03,churn,-828795.03,55862079.63,56059662.82,Corregido (N=1)
2023-04,churn,-540672.72,56059662.82,58995282.85,Corregido (N=1)
2023-05,churn,-691873.56,58995282.85,61010857.6,Corregido (N=1)
2023-06,churn,-293288.52,61010857.6,62403755.645,Corregido (N=1)
2023-07,churn,-528287.41,62403755.645,63873359.725,Corregido (N=1)
2023-08,churn,-538744.9199999999,63873359.725,67829453.335,Corregido (N=1)
2023-09,churn,-411017.04,67829453.335,69124168.225,Corregido (N=1)
2023-10,churn,-515966.64,69124168.225,71905514.59,Corregido (N=1)
2023-11,churn,-673398.18,71905514.59,75380217.465,Corregido (N=1)
2023-12,churn,-321965.0,75380217.465,78275554.81136364,Corregido (N=1)
2024-01,churn,-668628.24,78275554.81136364,78010115.44136363,Corregido (N=1)
2024-02,churn,-2147829.39,78010115.44136363,76495567.09136364,Corregido (N=1)
2024-03,churn,-744398.97,76495567.09136364,78705753.98636363,Corregido (N=1)
2024-04,churn,-293293.35,78705753.98636363,82178161.43636364,Corregido (N=1)
2024-05,churn,-873402.1799999999,82178161.43636364,84733990.27136363,Corregido (N=1)
2024-06,churn,-861848.365,84733990.27136363,87446794.45636363,Corregido (N=1)
2024-07,churn,-1255593.99,87446794.45636363,88931230.06636363,Corregido (N=1)
2024-08,churn,-890004.85,88931230.06636363,90805439.46636364,Corregido (N=1)
2024-09,churn,-968025.87,90805439.46636364,92223050.97636364,Corregido (N=1)
2024-10,churn,0.0,92223050.97636364,96633477.48636363,Corregido (N=1)
2022-01,reactivation,0.0,,33767958.35,Corregido (N=1)
2022-02,reactivation,0.0,33767958.35,40476291.59,Corregido (N=1)
2022-03,reactivation,0.0,40476291.59,42349989.71,Corregido (N=1)
2022-04,reactivation,73500.0,42349989.71,43061037.5,Corregido (N=1)
2022-05,reactivation,157500.0,43061037.5,45950351.9,Corregido (N=1)
2022-06,reactivation,138642.0,45950351.9,46179356.06,Corregido (N=1)
2022-07,reactivation,535500.0,46179356.06,47966645.76,Corregido (N=1)
2022-08,reactivation,215250.0,47966645.76,48859902.6,Corregido (N=1)
2022-09,reactivation,0.0,48859902.6,48278755.11,Corregido (N=1)
2022-10,reactivation,136500.0,48278755.11,49588395.54,Corregido (N=1)
2022-11,reactivation,126000.0,49588395.54,50455919.85,Corregido (N=1)
2022-12,reactivation,1795735.4100000001,50455919.85,53985749.3,Corregido (N=1)
2023-01,reactivation,139288.17,53985749.3,55043428.86,Corregido (N=1)
2023-02,reactivation,176285.34,55043428.86,55862079.63,Corregido (N=1)
2023-03,reactivation,196875.0,55862079.63,56059662.82,Corregido (N=1)
2023-04,reactivation,181809.6,56059662.82,58995282.85,Corregido (N=1)
2023-05,reactivation,63000.0,58995282.85,61010857.6,Corregido (N=1)
2023-06,reactivation,184800.0,61010857.6,62403755.645,Corregido (N=1)
2023-07,reactivation,383800.83,62403755.645,63873359.725,Corregido (N=1)
2023-08,reactivation,388500.0,63873359.725,67829453.335,Corregido (N=1)
2023-09,reactivation,455311.08,67829453.335,69124168.225,Corregido (N=1)
2023-10,reactivation,418093.41,69124168.225,71905514.59,Corregido (N=1)
2023-11,reactivation,201600.0,71905514.59,75380217.465,Corregido (N=1)
2023-12,reactivation,88221.0,75380217.465,78275554.81136364,Corregido (N=1)
2024-01,reactivation,0.0,78275554.81136364,78010115.44136363,Corregido (N=1)
2024-02,reactivation,0.0,78010115.44136363,76495567.09136364,Corregido (N=1)
2024-03,reactivation,268800.0,76495567.09136364,78705753.98636363,Corregido (N=1)
2024-04,reactivation,136043.25,78705753.98636363,82178161.43636364,Corregido (N=1)
2024-05,reactivation,495392.73,82178161.43636364,84733990.27136363,Corregido (N=1)
2024-06,reactivation,273455.91,84733990.27136363,87446794.45636363,Corregido (N=1)
2024-07,reactivation,431602.07999999996,87446794.45636363,88931230.06636363,Corregido (N=1)
2024-08,reactivation,28350.0,88931230.06636363,90805439.46636364,Corregido (N=1)
2024-09,reactivation,68531.61,90805439.46636364,92223050.97636364,Corregido (N=1)
2024-10,reactivation,1406649.93,92223050.97636364,96633477.48636363,Corregido (N=1)
2022-01,new,0.0,,33767958.35,Corregido (N=3)
2022-02,new,7170989.91,33767958.35,40549791.59,Corregido (N=3)
2022-03,new,2033162.88,40549791.59,42675489.71,Corregido (N=3)
2022-04,new,1099800.0,42675489.71,43604979.5,Corregido (N=3)
2022-05,new,2132845.47,43604979.5,46420793.9,Corregido (N=3)
2022-06,new,1546824.93,46420793.9,46693856.06,Corregido (N=3)
2022-07,new,2545829.23,46693856.06,48124145.76,Corregido (N=3)
2022-08,new,1577121.0,48124145.76,48859902.6,Corregido (N=3)
2022-09,new,748650.0,48859902.6,48362755.11,Corregido (N=3)
2022-10,new,1916250.0,48362755.11,49739595.54,Corregido (N=3)
2022-11,new,1474725.0,49739595.54,50523119.85,Corregido (N=3)
2022-12,new,1594098.8,50523119.85,54101249.3,Corregido (N=3)
2023-01,new,2839216.8,54101249.3,55346353.86,Corregido (N=3)
2023-02,new,1629390.0,55346353.86,56240764.23,Corregido (N=3)
2023-03,new,1354150.0,56240764.23,56283472.42,Corregido (N=3)
2023-04,new,2649045.0,56283472.42,59190582.85,Corregido (N=3)
2023-05,new,1802849.58,59190582.85,61206157.6,Corregido (N=3)
2023-06,new,2052540.0,61206157.6,62645255.645,Corregido (N=3)
2023-07,new,2532600.0,62645255.645,64243972.135,Corregido (N=3)
2023-08,new,2751630.0,64243972.135,68233419.205,Corregido (N=3)
2023-09,new,2043550.32,68233419.205,69428482.585,Corregido (N=3)
2023-10,new,2752479.135,69428482.585,72092414.59,Corregido (N=3)
2023-11,new,2893191.35,72092414.59,75430617.465,Corregido (N=3)
2023-12,new,2276190.0,75430617.465,78391054.81136364,Corregido (N=3)
2024-01,new,2313787.98,78391054.81136364,78299915.44136363,Corregido (N=3)
2024-02,new,1255965.9,78299915.44136363,77077325.68136364,Corregido (N=3)
2024-03,new,2083693.29,77077325.68136364,79193152.85636364,Corregido (N=3)
2024-04,new,3107934.495,79193152.85636364,82712007.05636364,Corregido (N=3)
2024-05,new,3284321.67,82712007.05636364,84865240.27136363,Corregido (N=3)
2024-06,new,4161687.39,84865240.27136363,87470827.27636364,Corregido (N=3)
2024-07,new,2095275.21,87470827.27636364,89364762.88636364,Corregido (N=3)
2024-08,new,2090916.66,89364762.88636364,92128977.13636364,Corregido (N=3)
2024-09,new,2268726.81,92128977.13636364,94490581.69636364,Corregido (N=3)
2024-10,new,2201333.4,94490581.69636364,98327708.20636363,Corregido (N=3)
2022-01,expansion,0.0,,33767958.35,Corregido (N=3)
2022-02,expansion,533913.87,33767958.35,40549791.59,Corregido (N=3)
2022-03,expansion,655891.74,40549791.59,42675489.71,Corregido (N=3)
2022-04,expansion,1016388.2399999996,42675489.71,43604979.5,Corregido (N=3)
2022-05,expansion,1825055.19,43604979.5,46420793.9,Corregido (N=3)
2022-06,expansion,403312.35,46420793.9,46693856.06,Corregido (N=3)
2022-07,expansion,1037440.11,46693856.06,48124145.76,Corregido (N=3)
2022-08,expansion,971787.3900000002,48124145.76,48859902.6,Corregido (N=3)
2022-09,expansion,235689.92999999996,48859902.6,48362755.11,Corregido (N=3)
2022-10,expansion,221604.6,48362755.11,49739595.54,Corregido (N=3)
2022-11,expansion,520413.39000000025,49739595.54,50523119.85,Corregido (N=3)
2022-12,expansion,1228608.57,50523119.85,54101249.3,Corregido (N=3)
2023-01,expansion,747899.2499999998,54101249.3,55346353.86,Corregido (N=3)
2023-02,expansion,1176543.9,55346353.86,56240764.23,Corregido (N=3)
2023-03,expansion,448104.3000000003,56240764.23,56283472.42,Corregido (N=3)
2023-04,expansion,802199.5799999994,56283472.42,59190582.85,Corregido (N=3)
2023-05,expansion,1568414.82,59190582.85,61206157.6,Corregido (N=3)
2023-06,expansion,688350.1800000002,61206157.6,62645255.645,Corregido (N=3)
2023-07,expansion,265847.19,62645255.645,64243972.135,Corregido (N=3)
2023-08,expansion,1680087.78,64243972.135,68233419.205,Corregido (N=3)
2023-09,expansion,278736.77999999997,68233419.205,69428482.585,Corregido (N=3)
2023-10,expansion,930246.03,69428482.585,72092414.59,Corregido (N=3)
2023-11,expansion,1749774.1799999997,72092414.59,75430617.465,Corregido (N=3)
2023-12,expansion,1634318.49,75430617.465,78391054.81136364,Corregido (N=3)
2024-01,expansion,869572.83,78391054.81136364,78299915.44136363,Corregido (N=3)
2024-02,expansion,800451.3300000001,78299915.44136363,77077325.68136364,Corregido (N=3)
2024-03,expansion,1142462.0550000002,77077325.68136364,79193152.85636364,Corregido (N=3)
2024-04,expansion,1297708.1249999998,79193152.85636364,82712007.05636364,Corregido (N=3)
2024-05,expansion,1044953.0700000001,82712007.05636364,84865240.27136363,Corregido (N=3)
2024-06,expansion,502130.16,84865240.27136363,87470827.27636364,Corregido (N=3)
2024-07,expansion,847682.4300000004,87470827.27636364,89364762.88636364,Corregido (N=3)
2024-08,expansion,1247973.51,89364762.88636364,92128977.13636364,Corregido (N=3)
2024-09,expansion,880692.54,92128977.13636364,94490581.69636364,Corregido (N=3)
2024-10,expansion,2458595.37,94490581.69636364,98327708.20636363,Corregido (N=3)
2022-01,contraction,0.0,,33767958.35,Corregido (N=3)
2022-02,contraction,-706973.3999999994,33767958.35,40549791.59,Corregido (N=3)
2022-03,contraction,-500675.7,40549791.59,42675489.71,Corregido (N=3)
2022-04,contraction,-952692.0900000001,42675489.71,43604979.5,Corregido (N=3)
2022-05,contraction,-574524.51,43604979.5,46420793.9,Corregido (N=3)
2022-06,contraction,-739399.08,46420793.9,46693856.06,Corregido (N=3)
2022-07,contraction,-1699719.84,46693856.06,48124145.76,Corregido (N=3)
2022-08,contraction,-1052263.38,48124145.76,48859902.6,Corregido (N=3)
2022-09,contraction,-1439487.42,48859902.6,48362755.11,Corregido (N=3)
2022-10,contraction,-690209.9400000004,48362755.11,49739595.54,Corregido (N=3)
2022-11,contraction,-896682.96,49739595.54,50523119.85,Corregido (N=3)
2022-12,contraction,-740967.3599999998,50523119.85,54101249.3,Corregido (N=3)
2023-01,contraction,-915477.1500000003,54101249.3,55346353.86,Corregido (N=3)
2023-02,contraction,-1589921.3399999999,55346353.86,56240764.23,Corregido (N=3)
2023-03,contraction,-1018631.88,56240764.23,56283472.42,Corregido (N=3)
2023-04,contraction,-284602.49999999994,56283472.42,59190582.85,Corregido (N=3)
2023-05,contraction,-888950.5800000001,59190582.85,61206157.6,Corregido (N=3)
2023-06,contraction,-1280497.505,61206157.6,62645255.645,Corregido (N=3)
2023-07,contraction,-1213314.6900000002,62645255.645,64243972.135,Corregido (N=3)
2023-08,contraction,-301985.46,64243972.135,68233419.205,Corregido (N=3)
2023-09,contraction,-1115848.4400000002,68233419.205,69428482.585,Corregido (N=3)
2023-10,contraction,-637990.9199999998,69428482.585,72092414.59,Corregido (N=3)
2023-11,contraction,-742450.485,72092414.59,75430617.465,Corregido (N=3)
2023-12,contraction,-859703.8799999997,75430617.465,78391054.81136364,Corregido (N=3)
2024-01,contraction,-2841902.7,78391054.81136364,78299915.44136363,Corregido (N=3)
2024-02,contraction,-1468122.3900000001,78299915.44136363,77077325.68136364,Corregido (N=3)
2024-03,contraction,-569284.8,77077325.68136364,79193152.85636364,Corregido (N=3)
2024-04,contraction,-784636.02,79193152.85636364,82712007.05636364,Corregido (N=3)
2024-05,contraction,-1444100.385,82712007.05636364,84865240.27136363,Corregido (N=3)
2024-06,contraction,-1402856.9100000001,84865240.27136363,87470827.27636364,Corregido (N=3)
2024-07,contraction,-715283.94,87470827.27636364,89364762.88636364,Corregido (N=3)
2024-08,contraction,-700476.63,89364762.88636364,92128977.13636364,Corregido (N=3)
2024-09,contraction,-969421.9499999997,92128977.13636364,94490581.69636364,Corregido (N=3)
2024-10,contraction,-1197301.35,94490581.69636364,98327708.20636363,Corregido (N=3)
2022-01,price_uplift,0.0,,33767958.35,Corregido (N=3)
2022-02,price_uplift,0.0,33767958.35,40549791.59,Corregido (N=3)
2022-03,price_uplift,32477.76000000001,40549791.59,42675489.71,Corregido (N=3)
2022-04,price_uplift,0.0,42675489.71,43604979.5,Corregido (N=3)
2022-05,price_uplift,2436.0,43604979.5,46420793.9,Corregido (N=3)
2022-06,price_uplift,0.0,46420793.9,46693856.06,Corregido (N=3)
2022-07,price_uplift,2519.9999999999854,46693856.06,48124145.76,Corregido (N=3)
2022-08,price_uplift,0.0,48124145.76,48859902.6,Corregido (N=3)
2022-09,price_uplift,0.0,48859902.6,48362755.11,Corregido (N=3)
2022-10,price_uplift,0.0,48362755.11,49739595.54,Corregido (N=3)
2022-11,price_uplift,0.0,49739595.54,50523119.85,Corregido (N=3)
2022-12,price_uplift,21694.050000000003,50523119.85,54101249.3,Corregido (N=3)
2023-01,price_uplift,28767.059999999998,54101249.3,55346353.86,Corregido (N=3)
2023-02,price_uplift,48506.42999999999,55346353.86,56240764.23,Corregido (N=3)
2023-03,price_uplift,45880.8,56240764.23,56283472.42,Corregido (N=3)
2023-04,price_uplift,127841.07000000002,56283472.42,59190582.85,Corregido (N=3)
2023-05,price_uplift,162134.49000000002,59190582.85,61206157.6,Corregido (N=3)
2023-06,price_uplift,26293.890000000014,61206157.6,62645255.645,Corregido (N=3)
2023-07,price_uplift,33158.16000000002,62645255.645,64243972.135,Corregido (N=3)
2023-08,price_uplift,62706.21000000002,64243972.135,68233419.205,Corregido (N=3)
2023-09,price_uplift,43982.19,68233419.205,69428482.585,Corregido (N=3)
2023-10,price_uplift,53264.39999999998,69428482.585,72092414.59,Corregido (N=3)
2023-11,price_uplift,45986.009999999995,72092414.59,75430617.465,Corregido (N=3)
2023-12,price_uplift,59166.73636363642,75430617.465,78391054.81136364,Corregido (N=3)
2024-01,price_uplift,61730.760000000024,78391054.81136364,78299915.44136363,Corregido (N=3)
2024-02,price_uplift,44986.19999999998,78299915.44136363,77077325.68136364,Corregido (N=3)
2024-03,price_uplift,7915.320000000003,77077325.68136364,79193152.85636364,Corregido (N=3)
2024-04,price_uplift,2350.9500000000025,79193152.85636364,82712007.05636364,Corregido (N=3)
2024-05,price_uplift,60611.039999999964,82712007.05636364,84865240.27136363,Corregido (N=3)
2024-06,price_uplift,49861.77000000003,84865240.27136363,87470827.27636364,Corregido (N=3)
2024-07,price_uplift,80753.82,87470827.27636364,89364762.88636364,Corregido (N=3)
2024-08,price_uplift,97450.71000000005,89364762.88636364,92128977.13636364,Corregido (N=3)
2024-09,price_uplift,125091.96000000002,92128977.13636364,94490581.69636364,Corregido (N=3)
2024-10,price_uplift,374499.09,94490581.69636364,98327708.20636363,Corregido (N=3)
2022-01,churn,0.0,,33767958.35,Corregido (N=3)
2022-02,churn,-216097.14,33767958.35,40549791.59,Corregido (N=3)
2022-03,churn,-95158.56,40549791.59,42675489.71,Corregido (N=3)
2022-04,churn,-234006.36000000002,42675489.71,43604979.5,Corregido (N=3)
2022-05,churn,-569997.75,43604979.5,46420793.9,Corregido (N=3)
2022-06,churn,-962876.04,46420793.9,46693856.06,Corregido (N=3)
2022-07,churn,-455779.8,46693856.06,48124145.76,Corregido (N=3)
2022-08,churn,-780838.17,48124145.76,48859902.6,Corregido (N=3)
2022-09,churn,-42000.0,48859902.6,48362755.11,Corregido (N=3)
2022-10,churn,-207304.22999999998,48362755.11,49739595.54,Corregido (N=3)
2022-11,churn,-356931.12,49739595.54,50523119.85,Corregido (N=3)
2022-12,churn,-48040.02,50523119.85,54101249.3,Corregido (N=3)
2023-01,churn,-1569389.57,54101249.3,55346353.86,Corregido (N=3)
2023-02,churn,-441508.62,55346353.86,56240764.23,Corregido (N=3)
2023-03,churn,-786795.03,56240764.23,56283472.42,Corregido (N=3)
2023-04,churn,-387372.72,56283472.42,59190582.85,Corregido (N=3)
2023-05,churn,-691873.56,59190582.85,61206157.6,Corregido (N=3)
2023-06,churn,-152588.52,61206157.6,62645255.645,Corregido (N=3)
2023-07,churn,-298375.0,62645255.645,64243972.135,Corregido (N=3)
2023-08,churn,-364691.45999999996,64243972.135,68233419.205,Corregido (N=3)
2023-09,churn,-411017.04,68233419.205,69428482.585,Corregido (N=3)
2023-10,churn,-465566.64,69428482.585,72092414.59,Corregido (N=3)
2023-11,churn,-673398.18,72092414.59,75430617.465,Corregido (N=3)
2023-12,churn,-206465.0,75430617.465,78391054.81136364,Corregido (N=3)
2024-01,churn,-494328.24,78391054.81136364,78299915.44136363,Corregido (N=3)
2024-02,churn,-1855870.8,78299915.44136363,77077325.68136364,Corregido (N=3)
2024-03,churn,-548958.6900000001,77077325.68136364,79193152.85636364,Corregido (N=3)
2024-04,churn,-162043.35,79193152.85636364,82712007.05636364,Corregido (N=3)
2024-05,churn,-873402.1799999999,82712007.05636364,84865240.27136363,Corregido (N=3)
2024-06,churn,-837815.545,84865240.27136363,87470827.27636364,Corregido (N=3)
2024-07,churn,-846093.99,87470827.27636364,89364762.88636364,Corregido (N=3)
2024-08,churn,0.0,89364762.88636364,92128977.13636364,Corregido (N=3)
2024-09,churn,0.0,92128977.13636364,94490581.69636364,Corregido (N=3)
2024-10,churn,0.0,94490581.69636364,98327708.20636363,Corregido (N=3)
2022-01,reactivation,0.0,,33767958.35,Corregido (N=3)
2022-02,reactivation,0.0,33767958.35,40549791.59,Corregido (N=3)
2022-03,reactivation,0.0,40549791.59,42675489.71,Corregido (N=3)
2022-04,reactivation,0.0,42675489.71,43604979.5,Corregido (N=3)
2022-05,reactivation,0.0,43604979.5,46420793.9,Corregido (N=3)
2022-06,reactivation,25200.0,46420793.9,46693856.06,Corregido (N=3)
2022-07,reactivation,0.0,46693856.06,48124145.76,Corregido (N=3)
2022-08,reactivation,19950.0,48124145.76,48859902.6,Corregido (N=3)
2022-09,reactivation,0.0,48859902.6,48362755.11,Corregido (N=3)
2022-10,reactivation,136500.0,48362755.11,49739595.54,Corregido (N=3)
2022-11,reactivation,42000.0,49739595.54,50523119.85,Corregido (N=3)
2022-12,reactivation,1522735.4100000001,50523119.85,54101249.3,Corregido (N=3)
2023-01,reactivation,114088.17000000001,54101249.3,55346353.86,Corregido (N=3)
2023-02,reactivation,71400.0,55346353.86,56240764.23,Corregido (N=3)
2023-03,reactivation,0.0,56240764.23,56283472.42,Corregido (N=3)
2023-04,reactivation,0.0,56283472.42,59190582.85,Corregido (N=3)
2023-05,reactivation,63000.0,59190582.85,61206157.6,Corregido (N=3)
2023-06,reactivation,105000.0,61206157.6,62645255.645,Corregido (N=3)
2023-07,reactivation,278800.83,62645255.645,64243972.135,Corregido (N=3)
2023-08,reactivation,161700.0,64243972.135,68233419.205,Corregido (N=3)
2023-09,reactivation,355659.57,68233419.205,69428482.585,Corregido (N=3)
2023-10,reactivation,31500.0,69428482.585,72092414.59,Corregido (N=3)
2023-11,reactivation,65100.0,72092414.59,75430617.465,Corregido (N=3)
2023-12,reactivation,56931.0,75430617.465,78391054.81136364,Corregido (N=3)
2024-01,reactivation,0.0,78391054.81136364,78299915.44136363,Corregido (N=3)
2024-02,reactivation,0.0,78299915.44136363,77077325.68136364,Corregido (N=3)
2024-03,reactivation,0.0,77077325.68136364,79193152.85636364,Corregido (N=3)
2024-04,reactivation,57539.99999999999,79193152.85636364,82712007.05636364,Corregido (N=3)
2024-05,reactivation,80850.0,82712007.05636364,84865240.27136363,Corregido (N=3)
2024-06,reactivation,132580.13999999998,84865240.27136363,87470827.27636364,Corregido (N=3)
2024-07,reactivation,431602.07999999996,87470827.27636364,89364762.88636364,Corregido (N=3)
2024-08,reactivation,28350.0,89364762.88636364,92128977.13636364,Corregido (N=3)
2024-09,reactivation,56515.2,92128977.13636364,94490581.69636364,Corregido (N=3)
2024-10,reactivation,0.0,94490581.69636364,98327708.20636363,Corregido (N=3)
2022-01,new,0.0,,33767958.35,Corregido sin separar precio
2022-02,new,7170989.91,33767958.35,40549791.59,Corregido sin separar precio
2022-03,new,2033162.88,40549791.59,42613467.47,Corregido sin separar precio
2022-04,new,1099800.0,42613467.47,43237479.5,Corregido sin separar precio
2022-05,new,2132845.47,43237479.5,46055729.9,Corregido sin separar precio
2022-06,new,1546824.93,46055729.9,46420856.06,Corregido sin separar precio
2022-07,new,2545829.23,46420856.06,48126665.76,Corregido sin separar precio
2022-08,new,1577121.0,48126665.76,48859902.6,Corregido sin separar precio
2022-09,new,748650.0,48859902.6,48362755.11,Corregido sin separar precio
2022-10,new,1916250.0,48362755.11,49714395.54,Corregido sin separar precio
2022-11,new,1474725.0,49714395.54,50497919.85,Corregido sin separar precio
2022-12,new,1594098.8,50497919.85,54102217.4,Corregido sin separar precio
2023-01,new,2839216.8,54102217.4,55330603.86,Corregido sin separar precio
2023-02,new,1629390.0,55330603.86,56230737.99,Corregido sin separar precio
2023-03,new,1354150.0,56230737.99,56312904.76,Corregido sin separar precio
2023-04,new,2649045.0,56312904.76,59330852.56,Corregido sin separar precio
2023-05,new,1802849.58,59330852.56,61120463.32,Corregido sin separar precio
2023-06,new,2052540.0,61120463.32,62553799.175,Corregido sin separar precio
2023-07,new,2532600.0,62553799.175,64113711.235,Corregido sin separar precio
2023-08,new,2751630.0,64113711.235,67972958.305,Corregido sin separar precio
2023-09,new,2043550.32,67972958.305,69161721.685,Corregido sin separar precio
2023-10,new,2752479.135,69161721.685,71955914.59,Corregido sin separar precio
2023-11,new,2893191.35,71955914.59,75430617.465,Corregido sin separar precio
2023-12,new,2276190.0,75430617.465,78275554.81136364,Corregido sin separar precio
2024-01,new,2313787.98,78275554.81136364,78184415.44136363,Corregido sin separar precio
2024-02,new,1255965.9,78184415.44136363,76754670.34136364,Corregido sin separar precio
2024-03,new,2083693.29,76754670.34136364,78985997.51636364,Corregido sin separar precio
2024-04,new,3107934.495,78985997.51636364,82504851.71636364,Corregido sin separar precio
2024-05,new,3284321.67,82504851.71636364,84961736.53136364,Corregido sin separar precio
2024-06,new,4161687.39,84961736.53136364,87482540.86636363,Corregido sin separar precio
2024-07,new,2095275.21,87482540.86636363,89058349.57636364,Corregido sin separar precio
2024-08,new,2090916.66,89058349.57636364,91058456.07636364,Corregido sin separar precio
2024-09,new,2268726.81,91058456.07636364,93454100.16636364,Corregido sin separar precio
2024-10,new,2201333.4,93454100.16636364,97601503.35636364,Corregido sin separar precio
2022-01,expansion,0.0,,33767958.35,Corregido sin separar precio
2022-02,expansion,533913.87,33767958.35,40549791.59,Corregido sin separar precio
2022-03,expansion,720847.26,40549791.59,42613467.47,Corregido sin separar precio
2022-04,expansion,1016388.2399999996,42613467.47,43237479.5,Corregido sin separar precio
2022-05,expansion,1829927.19,43237479.5,46055729.9,Corregido sin separar precio
2022-06,expansion,403312.35,46055729.9,46420856.06,Corregido sin separar precio
2022-07,expansion,863980.11,46420856.06,48126665.76,Corregido sin separar precio
2022-08,expansion,971787.3900000002,48126665.76,48859902.6,Corregido sin separar precio
2022-09,expansion,235689.92999999996,48859902.6,48362755.11,Corregido sin separar precio
2022-10,expansion,221604.6,48362755.11,49714395.54,Corregido sin separar precio
2022-11,expansion,520413.39000000025,49714395.54,50497919.85,Corregido sin separar precio
2022-12,expansion,1276470.72,50497919.85,54102217.4,Corregido sin separar precio
2023-01,expansion,776666.3099999998,54102217.4,55330603.86,Corregido sin separar precio
2023-02,expansion,1230774.0899999999,55330603.86,56230737.99,Corregido sin separar precio
2023-03,expansion,581167.4400000003,56230737.99,56312904.76,Corregido sin separar precio
2023-04,expansion,1213110.3599999994,56312904.76,59330852.56,Corregido sin separar precio
2023-05,expansion,1787655.0300000003,59330852.56,61120463.32,Corregido sin separar precio
2023-06,expansion,723987.6000000001,61120463.32,62553799.175,Corregido sin separar precio
2023-07,expansion,294805.35000000003,62553799.175,64113711.235,Corregido sin separar precio
2023-08,expansion,1749093.9900000002,64113711.235,67972958.305,Corregido sin separar precio
2023-09,expansion,322718.97,67972958.305,69161721.685,Corregido sin separar precio
2023-10,expansion,853249.5299999999,69161721.685,71955914.59,Corregido sin separar precio
2023-11,expansion,1795760.1899999997,71955914.59,75430617.465,Corregido sin separar precio
2023-12,expansion,1693485.2263636363,75430617.465,78275554.81136364,Corregido sin separar precio
2024-01,expansion,931303.59,78275554.81136364,78184415.44136363,Corregido sin separar precio
2024-02,expansion,845437.53,78184415.44136363,76754670.34136364,Corregido sin separar precio
2024-03,expansion,1150377.375,76754670.34136364,78985997.51636364,Corregido sin separar precio
2024-04,expansion,1300059.0749999997,78985997.51636364,82504851.71636364,Corregido sin separar precio
2024-05,expansion,1126832.7,82504851.71636364,84961736.53136364,Corregido sin separar precio
2024-06,expansion,587738.34,84961736.53136364,87482540.86636363,Corregido sin separar precio
2024-07,expansion,1055555.7600000002,87482540.86636363,89058349.57636364,Corregido sin separar precio
2024-08,expansion,1434640.8299999998,89058349.57636364,91058456.07636364,Corregido sin separar precio
2024-09,expansion,1105007.8199999998,91058456.07636364,93454100.16636364,Corregido sin separar precio
2024-10,expansion,1966144.53,93454100.16636364,97601503.35636364,Corregido sin separar precio
2022-01,contraction,0.0,,33767958.35,Corregido sin separar precio
2022-02,contraction,-706973.3999999994,33767958.35,40549791.59,Corregido sin separar precio
2022-03,contraction,-500675.7,40549791.59,42613467.47,Corregido sin separar precio
2022-04,contraction,-985169.8500000001,42613467.47,43237479.5,Corregido sin separar precio
2022-05,contraction,-574524.51,43237479.5,46055729.9,Corregido sin separar precio
2022-06,contraction,-741835.08,46055729.9,46420856.06,Corregido sin separar precio
2022-07,contraction,-1699719.84,46420856.06,48126665.76,Corregido sin separar precio
2022-08,contraction,-1054783.38,48126665.76,48859902.6,Corregido sin separar precio
2022-09,contraction,-1439487.42,48859902.6,48362755.11,Corregido sin separar precio
2022-10,contraction,-690209.9400000004,48362755.11,49714395.54,Corregido sin separar precio
2022-11,contraction,-896682.96,49714395.54,50497919.85,Corregido sin separar precio
2022-12,contraction,-740967.3599999998,50497919.85,54102217.4,Corregido sin separar precio
2023-01,contraction,-941645.2500000002,54102217.4,55330603.86,Corregido sin separar precio
2023-02,contraction,-1589921.3399999999,55330603.86,56230737.99,Corregido sin separar precio
2023-03,contraction,-1024355.64,56230737.99,56312904.76,Corregido sin separar precio
2023-04,contraction,-371784.8399999999,56312904.76,59330852.56,Corregido sin separar precio
2023-05,contraction,-1172020.29,59330852.56,61120463.32,Corregido sin separar precio
2023-06,contraction,-1337603.2249999999,61120463.32,62553799.175,Corregido sin separar precio
2023-07,contraction,-1222658.22,62553799.175,64113711.235,Corregido sin separar precio
2023-08,contraction,-301985.46,64113711.235,67972958.305,Corregido sin separar precio
2023-09,contraction,-1122148.4400000002,67972958.305,69161721.685,Corregido sin separar precio
2023-10,contraction,-637990.9199999998,69161721.685,71955914.59,Corregido sin separar precio
2023-11,contraction,-742450.485,71955914.59,75430617.465,Corregido sin separar precio
2023-12,contraction,-859703.8799999997,75430617.465,78275554.81136364,Corregido sin separar precio
2024-01,contraction,-2841902.7,78275554.81136364,78184415.44136363,Corregido sin separar precio
2024-02,contraction,-1468122.3900000001,78184415.44136363,76754670.34136364,Corregido sin separar precio
2024-03,contraction,-569284.8,76754670.34136364,78985997.51636364,Corregido sin separar precio
2024-04,contraction,-784636.02,78985997.51636364,82504851.71636364,Corregido sin separar precio
2024-05,contraction,-1408400.385,82504851.71636364,84961736.53136364,Corregido sin separar precio
2024-06,contraction,-1499353.17,84961736.53136364,87482540.86636363,Corregido sin separar precio
2024-07,contraction,-751030.3499999999,87482540.86636363,89058349.57636364,Corregido sin separar precio
2024-08,contraction,-827596.14,89058349.57636364,91058456.07636364,Corregido sin separar precio
2024-09,contraction,-1046622.1499999997,91058456.07636364,93454100.16636364,Corregido sin separar precio
2024-10,contraction,-1296524.6700000002,93454100.16636364,97601503.35636364,Corregido sin separar precio
2022-01,churn,0.0,,33767958.35,Corregido sin separar precio
2022-02,churn,-216097.14,33767958.35,40549791.59,Corregido sin separar precio
2022-03,churn,-189658.56,40549791.59,42613467.47,Corregido sin separar precio
2022-04,churn,-507006.36,42613467.47,43237479.5,Corregido sin separar precio
2022-05,churn,-569997.75,43237479.5,46055729.9,Corregido sin separar precio
2022-06,churn,-962876.04,46055729.9,46420856.06,Corregido sin separar precio
2022-07,churn,-455779.8,46420856.06,48126665.76,Corregido sin separar precio
2022-08,churn,-780838.17,48126665.76,48859902.6,Corregido sin separar precio
2022-09,churn,-42000.0,48859902.6,48362755.11,Corregido sin separar precio
2022-10,churn,-232504.22999999998,48362755.11,49714395.54,Corregido sin separar precio
2022-11,churn,-356931.12,49714395.54,50497919.85,Corregido sin separar precio
2022-12,churn,-48040.02,50497919.85,54102217.4,Corregido sin separar precio
2023-01,churn,-1585139.57,54102217.4,55330603.86,Corregido sin separar precio
2023-02,churn,-441508.62,55330603.86,56230737.99,Corregido sin separar precio
2023-03,churn,-828795.03,56230737.99,56312904.76,Corregido sin separar precio
2023-04,churn,-488172.72,56312904.76,59330852.56,Corregido sin separar precio
2023-05,churn,-691873.56,59330852.56,61120463.32,Corregido sin separar precio
2023-06,churn,-152588.52,61120463.32,62553799.175,Corregido sin separar precio
2023-07,churn,-428635.9,62553799.175,64113711.235,Corregido sin separar precio
2023-08,churn,-501191.45999999996,64113711.235,67972958.305,Corregido sin separar precio
2023-09,churn,-411017.04,67972958.305,69161721.685,Corregido sin separar precio
2023-10,churn,-465566.64,69161721.685,71955914.59,Corregido sin separar precio
2023-11,churn,-673398.18,71955914.59,75430617.465,Corregido sin separar precio
2023-12,churn,-321965.0,75430617.465,78275554.81136364,Corregido sin separar precio
2024-01,churn,-494328.24,78275554.81136364,78184415.44136363,Corregido sin separar precio
2024-02,churn,-2063026.1400000001,78184415.44136363,76754670.34136364,Corregido sin separar precio
2024-03,churn,-548958.6900000001,76754670.34136364,78985997.51636364,Corregido sin separar precio
2024-04,churn,-162043.35,78985997.51636364,82504851.71636364,Corregido sin separar precio
2024-05,churn,-873402.1799999999,82504851.71636364,84961736.53136364,Corregido sin separar precio
2024-06,churn,-861848.365,84961736.53136364,87482540.86636363,Corregido sin separar precio
2024-07,churn,-1255593.99,87482540.86636363,89058349.57636364,Corregido sin separar precio
2024-08,churn,-726204.85,89058349.57636364,91058456.07636364,Corregido sin separar precio
2024-09,churn,0.0,91058456.07636364,93454100.16636364,Corregido sin separar precio
2024-10,churn,0.0,93454100.16636364,97601503.35636364,Corregido sin separar precio
2022-01,reactivation,0.0,,33767958.35,Corregido sin separar precio
2022-02,reactivation,0.0,33767958.35,40549791.59,Corregido sin separar precio
2022-03,reactivation,0.0,40549791.59,42613467.47,Corregido sin separar precio
2022-04,reactivation,0.0,42613467.47,43237479.5,Corregido sin separar precio
2022-05,reactivation,0.0,43237479.5,46055729.9,Corregido sin separar precio
2022-06,reactivation,119700.0,46055729.9,46420856.06,Corregido sin separar precio
2022-07,reactivation,451500.0,46420856.06,48126665.76,Corregido sin separar precio
2022-08,reactivation,19950.0,48126665.76,48859902.6,Corregido sin separar precio
2022-09,reactivation,0.0,48859902.6,48362755.11,Corregido sin separar precio
2022-10,reactivation,136500.0,48362755.11,49714395.54,Corregido sin separar precio
2022-11,reactivation,42000.0,49714395.54,50497919.85,Corregido sin separar precio
2022-12,reactivation,1522735.4100000001,50497919.85,54102217.4,Corregido sin separar precio
2023-01,reactivation,139288.17,54102217.4,55330603.86,Corregido sin separar precio
2023-02,reactivation,71400.0,55330603.86,56230737.99,Corregido sin separar precio
2023-03,reactivation,0.0,56230737.99,56312904.76,Corregido sin separar precio
2023-04,reactivation,15750.0,56312904.76,59330852.56,Corregido sin separar precio
2023-05,reactivation,63000.0,59330852.56,61120463.32,Corregido sin separar precio
2023-06,reactivation,147000.0,61120463.32,62553799.175,Corregido sin separar precio
2023-07,reactivation,383800.83,62553799.175,64113711.235,Corregido sin separar precio
2023-08,reactivation,161700.0,64113711.235,67972958.305,Corregido sin separar precio
2023-09,reactivation,355659.57,67972958.305,69161721.685,Corregido sin separar precio
2023-10,reactivation,292021.8,69161721.685,71955914.59,Corregido sin separar precio
2023-11,reactivation,201600.0,71955914.59,75430617.465,Corregido sin separar precio
2023-12,reactivation,56931.0,75430617.465,78275554.81136364,Corregido sin separar precio
2024-01,reactivation,0.0,78275554.81136364,78184415.44136363,Corregido sin separar precio
2024-02,reactivation,0.0,78184415.44136363,76754670.34136364,Corregido sin separar precio
2024-03,reactivation,115500.0,76754670.34136364,78985997.51636364,Corregido sin separar precio
2024-04,reactivation,57539.99999999999,78985997.51636364,82504851.71636364,Corregido sin separar precio
2024-05,reactivation,327533.01,82504851.71636364,84961736.53136364,Corregido sin separar precio
2024-06,reactivation,132580.13999999998,84961736.53136364,87482540.86636363,Corregido sin separar precio
2024-07,reactivation,431602.07999999996,87482540.86636363,89058349.57636364,Corregido sin separar precio
2024-08,reactivation,28350.0,89058349.57636364,91058456.07636364,Corregido sin separar precio
2024-09,reactivation,68531.61,91058456.07636364,93454100.16636364,Corregido sin separar precio
2024-10,reactivation,1276449.93,93454100.16636364,97601503.35636364,Corregido sin separar precio
2022-01,new,0.0,,33767958.35,"Corregido, mora final = churn"
2022-02,new,7170989.91,33767958.35,40549791.59,"Corregido, mora final = churn"
2022-03,new,2033162.88,40549791.59,42580989.71,"Corregido, mora final = churn"
2022-04,new,1099800.0,42580989.71,43237479.5,"Corregido, mora final = churn"
2022-05,new,2132845.47,43237479.5,46053293.9,"Corregido, mora final = churn"
2022-06,new,1546824.93,46053293.9,46420856.06,"Corregido, mora final = churn"
2022-07,new,2545829.23,46420856.06,48124145.76,"Corregido, mora final = churn"
2022-08,new,1577121.0,48124145.76,48859902.6,"Corregido, mora final = churn"
2022-09,new,748650.0,48859902.6,48362755.11,"Corregido, mora final = churn"
2022-10,new,1916250.0,48362755.11,49714395.54,"Corregido, mora final = churn"
2022-11,new,1474725.0,49714395.54,50497919.85,"Corregido, mora final = churn"
2022-12,new,1594098.8,50497919.85,54076049.3,"Corregido, mora final = churn"
2023-01,new,2839216.8,54076049.3,55330603.86,"Corregido, mora final = churn"
2023-02,new,1629390.0,55330603.86,56225014.23,"Corregido, mora final = churn"
2023-03,new,1354150.0,56225014.23,56225722.42,"Corregido, mora final = churn"
2023-04,new,2649045.0,56225722.42,59047782.85,"Corregido, mora final = churn"
2023-05,new,1802849.58,59047782.85,61063357.6,"Corregido, mora final = churn"
2023-06,new,2052540.0,61063357.6,62544455.645,"Corregido, mora final = churn"
2023-07,new,2532600.0,62544455.645,64113711.235,"Corregido, mora final = churn"
2023-08,new,2751630.0,64113711.235,67966658.305,"Corregido, mora final = churn"
2023-09,new,2043550.32,67966658.305,69161721.685,"Corregido, mora final = churn"
2023-10,new,2752479.135,69161721.685,71955914.59,"Corregido, mora final = churn"
2023-11,new,2893191.35,71955914.59,75430617.465,"Corregido, mora final = churn"
2023-12,new,2276190.0,75430617.465,78275554.81136364,"Corregido, mora final = churn"
2024-01,new,2313787.98,78275554.81136364,78184415.44136363,"Corregido, mora final = churn"
2024-02,new,1255965.9,78184415.44136363,76754670.34136364,"Corregido, mora final = churn"
2024-03,new,2083693.29,76754670.34136364,78985997.51636364,"Corregido, mora final = churn"
2024-04,new,3107934.495,78985997.51636364,82504851.71636364,"Corregido, mora final = churn"
2024-05,new,3284321.67,82504851.71636364,84865240.27136363,"Corregido, mora final = churn"
2024-06,new,4161687.39,84865240.27136363,87446794.45636363,"Corregido, mora final = churn"
2024-07,new,2095275.21,87446794.45636363,88931230.06636363,"Corregido, mora final = churn"
2024-08,new,2090916.66,88931230.06636363,90969239.46636364,"Corregido, mora final = churn"
2024-09,new,2268726.81,90969239.46636364,92386850.97636364,"Corregido, mora final = churn"
2024-10,new,2201333.4,92386850.97636364,94513522.44636364,"Corregido, mora final = churn"
2022-01,expansion,0.0,,33767958.35,"Corregido, mora final = churn"
2022-02,expansion,533913.87,33767958.35,40549791.59,"Corregido, mora final = churn"
2022-03,expansion,655891.74,40549791.59,42580989.71,"Corregido, mora final = churn"
2022-04,expansion,1016388.2399999996,42580989.71,43237479.5,"Corregido, mora final = churn"
2022-05,expansion,1825055.19,43237479.5,46053293.9,"Corregido, mora final = churn"
2022-06,expansion,403312.35,46053293.9,46420856.06,"Corregido, mora final = churn"
2022-07,expansion,858940.11,46420856.06,48124145.76,"Corregido, mora final = churn"
2022-08,expansion,971787.3900000002,48124145.76,48859902.6,"Corregido, mora final = churn"
2022-09,expansion,235689.92999999996,48859902.6,48362755.11,"Corregido, mora final = churn"
2022-10,expansion,221604.6,48362755.11,49714395.54,"Corregido, mora final = churn"
2022-11,expansion,520413.39000000025,49714395.54,50497919.85,"Corregido, mora final = churn"
2022-12,expansion,1228608.57,50497919.85,54076049.3,"Corregido, mora final = churn"
2023-01,expansion,747899.2499999998,54076049.3,55330603.86,"Corregido, mora final = churn"
2023-02,expansion,1176543.9,55330603.86,56225014.23,"Corregido, mora final = churn"
2023-03,expansion,448104.3000000003,56225014.23,56225722.42,"Corregido, mora final = churn"
2023-04,expansion,802199.5799999994,56225722.42,59047782.85,"Corregido, mora final = churn"
2023-05,expansion,1568414.82,59047782.85,61063357.6,"Corregido, mora final = churn"
2023-06,expansion,688350.1800000002,61063357.6,62544455.645,"Corregido, mora final = churn"
2023-07,expansion,261647.19,62544455.645,64113711.235,"Corregido, mora final = churn"
2023-08,expansion,1680087.78,64113711.235,67966658.305,"Corregido, mora final = churn"
2023-09,expansion,278736.77999999997,67966658.305,69161721.685,"Corregido, mora final = churn"
2023-10,expansion,799985.13,69161721.685,71955914.59,"Corregido, mora final = churn"
2023-11,expansion,1749774.1799999997,71955914.59,75430617.465,"Corregido, mora final = churn"
2023-12,expansion,1634318.49,75430617.465,78275554.81136364,"Corregido, mora final = churn"
2024-01,expansion,873028.1699999999,78275554.81136364,78184415.44136363,"Corregido, mora final = churn"
2024-02,expansion,800451.3300000001,78184415.44136363,76754670.34136364,"Corregido, mora final = churn"
2024-03,expansion,1142462.0550000002,76754670.34136364,78985997.51636364,"Corregido, mora final = churn"
2024-04,expansion,1297708.1249999998,78985997.51636364,82504851.71636364,"Corregido, mora final = churn"
2024-05,expansion,969725.4,82504851.71636364,84865240.27136363,"Corregido, mora final = churn"
2024-06,expansion,502130.16,84865240.27136363,87446794.45636363,"Corregido, mora final = churn"
2024-07,expansion,847682.4300000004,87446794.45636363,88931230.06636363,"Corregido, mora final = churn"
2024-08,expansion,1248214.38,88931230.06636363,90969239.46636364,"Corregido, mora final = churn"
2024-09,expansion,891849.0,90969239.46636364,92386850.97636364,"Corregido, mora final = churn"
2024-10,expansion,1591645.44,92386850.97636364,94513522.44636364,"Corregido, mora final = churn"
2022-01,contraction,0.0,,33767958.35,"Corregido, mora final = churn"
2022-02,contraction,-706973.3999999994,33767958.35,40549791.59,"Corregido, mora final = churn"
2022-03,contraction,-500675.7,40549791.59,42580989.71,"Corregido, mora final = churn"
2022-04,contraction,-952692.0900000001,42580989.71,43237479.5,"Corregido, mora final = churn"
2022-05,contraction,-574524.51,43237479.5,46053293.9,"Corregido, mora final = churn"
2022-06,contraction,-739399.08,46053293.9,46420856.06,"Corregido, mora final = churn"
2022-07,contraction,-1699719.84,46420856.06,48124145.76,"Corregido, mora final = churn"
2022-08,contraction,-1052263.38,48124145.76,48859902.6,"Corregido, mora final = churn"
2022-09,contraction,-1439487.42,48859902.6,48362755.11,"Corregido, mora final = churn"
2022-10,contraction,-690209.9400000004,48362755.11,49714395.54,"Corregido, mora final = churn"
2022-11,contraction,-896682.96,49714395.54,50497919.85,"Corregido, mora final = churn"
2022-12,contraction,-740967.3599999998,50497919.85,54076049.3,"Corregido, mora final = churn"
2023-01,contraction,-915477.1500000003,54076049.3,55330603.86,"Corregido, mora final = churn"
2023-02,contraction,-1589921.3399999999,55330603.86,56225014.23,"Corregido, mora final = churn"
2023-03,contraction,-1018631.88,56225014.23,56225722.42,"Corregido, mora final = churn"
2023-04,contraction,-284602.49999999994,56225722.42,59047782.85,"Corregido, mora final = churn"
2023-05,contraction,-888950.5800000001,59047782.85,61063357.6,"Corregido, mora final = churn"
2023-06,contraction,-1280497.505,61063357.6,62544455.645,"Corregido, mora final = churn"
2023-07,contraction,-1213314.6900000002,62544455.645,64113711.235,"Corregido, mora final = churn"
2023-08,contraction,-301985.46,64113711.235,67966658.305,"Corregido, mora final = churn"
2023-09,contraction,-1115848.4400000002,67966658.305,69161721.685,"Corregido, mora final = churn"
2023-10,contraction,-637990.9199999998,69161721.685,71955914.59,"Corregido, mora final = churn"
2023-11,contraction,-742450.485,71955914.59,75430617.465,"Corregido, mora final = churn"
2023-12,contraction,-859703.8799999997,75430617.465,78275554.81136364,"Corregido, mora final = churn"
2024-01,contraction,-2841902.7,78275554.81136364,78184415.44136363,"Corregido, mora final = churn"
2024-02,contraction,-1468122.3900000001,78184415.44136363,76754670.34136364,"Corregido, mora final = churn"
2024-03,contraction,-569284.8,76754670.34136364,78985997.51636364,"Corregido, mora final = churn"
2024-04,contraction,-784636.02,78985997.51636364,82504851.71636364,"Corregido, mora final = churn"
2024-05,contraction,-1408400.385,82504851.71636364,84865240.27136363,"Corregido, mora final = churn"
2024-06,contraction,-1402856.9100000001,84865240.27136363,87446794.45636363,"Corregido, mora final = churn"
2024-07,contraction,-715283.94,87446794.45636363,88931230.06636363,"Corregido, mora final = churn"
2024-08,contraction,-700476.63,88931230.06636363,90969239.46636364,"Corregido, mora final = churn"
2024-09,contraction,-957405.5399999998,90969239.46636364,92386850.97636364,"Corregido, mora final = churn"
2024-10,contraction,-1197301.35,92386850.97636364,94513522.44636364,"Corregido, mora final = churn"
2022-01,price_uplift,0.0,,33767958.35,"Corregido, mora final = churn"
2022-02,price_uplift,0.0,33767958.35,40549791.59,"Corregido, mora final = churn"
2022-03,price_uplift,32477.76000000001,40549791.59,42580989.71,"Corregido, mora final = churn"
2022-04,price_uplift,0.0,42580989.71,43237479.5,"Corregido, mora final = churn"
2022-05,price_uplift,2436.0,43237479.5,46053293.9,"Corregido, mora final = churn"
2022-06,price_uplift,0.0,46053293.9,46420856.06,"Corregido, mora final = churn"
2022-07,price_uplift,2519.9999999999854,46420856.06,48124145.76,"Corregido, mora final = churn"
2022-08,price_uplift,0.0,48124145.76,48859902.6,"Corregido, mora final = churn"
2022-09,price_uplift,0.0,48859902.6,48362755.11,"Corregido, mora final = churn"
2022-10,price_uplift,0.0,48362755.11,49714395.54,"Corregido, mora final = churn"
2022-11,price_uplift,0.0,49714395.54,50497919.85,"Corregido, mora final = churn"
2022-12,price_uplift,21694.050000000003,50497919.85,54076049.3,"Corregido, mora final = churn"
2023-01,price_uplift,28767.059999999998,54076049.3,55330603.86,"Corregido, mora final = churn"
2023-02,price_uplift,48506.42999999999,55330603.86,56225014.23,"Corregido, mora final = churn"
2023-03,price_uplift,45880.8,56225014.23,56225722.42,"Corregido, mora final = churn"
2023-04,price_uplift,127841.07000000002,56225722.42,59047782.85,"Corregido, mora final = churn"
2023-05,price_uplift,162134.49000000002,59047782.85,61063357.6,"Corregido, mora final = churn"
2023-06,price_uplift,26293.890000000014,61063357.6,62544455.645,"Corregido, mora final = churn"
2023-07,price_uplift,33158.16000000002,62544455.645,64113711.235,"Corregido, mora final = churn"
2023-08,price_uplift,62706.21000000002,64113711.235,67966658.305,"Corregido, mora final = churn"
2023-09,price_uplift,43982.19,67966658.305,69161721.685,"Corregido, mora final = churn"
2023-10,price_uplift,53264.39999999998,69161721.685,71955914.59,"Corregido, mora final = churn"
2023-11,price_uplift,45986.009999999995,71955914.59,75430617.465,"Corregido, mora final = churn"
2023-12,price_uplift,59166.73636363642,75430617.465,78275554.81136364,"Corregido, mora final = churn"
2024-01,price_uplift,58275.42000000003,78275554.81136364,78184415.44136363,"Corregido, mora final = churn"
2024-02,price_uplift,44986.19999999998,78184415.44136363,76754670.34136364,"Corregido, mora final = churn"
2024-03,price_uplift,7915.320000000003,76754670.34136364,78985997.51636364,"Corregido, mora final = churn"
2024-04,price_uplift,2350.9500000000025,78985997.51636364,82504851.71636364,"Corregido, mora final = churn"
2024-05,price_uplift,60611.039999999964,82504851.71636364,84865240.27136363,"Corregido, mora final = churn"
2024-06,price_uplift,49861.77000000003,84865240.27136363,87446794.45636363,"Corregido, mora final = churn"
2024-07,price_uplift,80753.82,87446794.45636363,88931230.06636363,"Corregido, mora final = churn"
2024-08,price_uplift,97209.84000000005,88931230.06636363,90969239.46636364,"Corregido, mora final = churn"
2024-09,price_uplift,113935.50000000001,90969239.46636364,92386850.97636364,"Corregido, mora final = churn"
2024-10,price_uplift,374499.09,92386850.97636364,94513522.44636364,"Corregido, mora final = churn"
2022-01,churn,0.0,,33767958.35,"Corregido, mora final = churn"
2022-02,churn,-216097.14,33767958.35,40549791.59,"Corregido, mora final = churn"
2022-03,churn,-189658.56,40549791.59,42580989.71,"Corregido, mora final = churn"
2022-04,churn,-507006.36,42580989.71,43237479.5,"Corregido, mora final = churn"
2022-05,churn,-569997.75,43237479.5,46053293.9,"Corregido, mora final = churn"
2022-06,churn,-962876.04,46053293.9,46420856.06,"Corregido, mora final = churn"
2022-07,churn,-455779.8,46420856.06,48124145.76,"Corregido, mora final = churn"
2022-08,churn,-780838.17,48124145.76,48859902.6,"Corregido, mora final = churn"
2022-09,churn,-42000.0,48859902.6,48362755.11,"Corregido, mora final = churn"
2022-10,churn,-232504.22999999998,48362755.11,49714395.54,"Corregido, mora final = churn"
2022-11,churn,-356931.12,49714395.54,50497919.85,"Corregido, mora final = churn"
2022-12,churn,-48040.02,50497919.85,54076049.3,"Corregido, mora final = churn"
2023-01,churn,-1585139.57,54076049.3,55330603.86,"Corregido, mora final = churn"
2023-02,churn,-441508.62,55330603.86,56225014.23,"Corregido, mora final = churn"
2023-03,churn,-828795.03,56225014.23,56225722.42,"Corregido, mora final = churn"
2023-04,churn,-488172.72,56225722.42,59047782.85,"Corregido, mora final = churn"
2023-05,churn,-691873.56,59047782.85,61063357.6,"Corregido, mora final = churn"
2023-06,churn,-152588.52,61063357.6,62544455.645,"Corregido, mora final = churn"
2023-07,churn,-428635.9,62544455.645,64113711.235,"Corregido, mora final = churn"
2023-08,churn,-501191.45999999996,64113711.235,67966658.305,"Corregido, mora final = churn"
2023-09,churn,-411017.04,67966658.305,69161721.685,"Corregido, mora final = churn"
2023-10,churn,-465566.64,69161721.685,71955914.59,"Corregido, mora final = churn"
2023-11,churn,-673398.18,71955914.59,75430617.465,"Corregido, mora final = churn"
2023-12,churn,-321965.0,75430617.465,78275554.81136364,"Corregido, mora final = churn"
2024-01,churn,-494328.24,78275554.81136364,78184415.44136363,"Corregido, mora final = churn"
2024-02,churn,-2063026.1400000001,78184415.44136363,76754670.34136364,"Corregido, mora final = churn"
2024-03,churn,-548958.6900000001,76754670.34136364,78985997.51636364,"Corregido, mora final = churn"
2024-04,churn,-162043.35,78985997.51636364,82504851.71636364,"Corregido, mora final = churn"
2024-05,churn,-873402.1799999999,82504851.71636364,84865240.27136363,"Corregido, mora final = churn"
2024-06,churn,-861848.365,84865240.27136363,87446794.45636363,"Corregido, mora final = churn"
2024-07,churn,-1255593.99,87446794.45636363,88931230.06636363,"Corregido, mora final = churn"
2024-08,churn,-726204.85,88931230.06636363,90969239.46636364,"Corregido, mora final = churn"
2024-09,churn,-968025.87,90969239.46636364,92386850.97636364,"Corregido, mora final = churn"
2024-10,churn,-2119955.04,92386850.97636364,94513522.44636364,"Corregido, mora final = churn"
2022-01,reactivation,0.0,,33767958.35,"Corregido, mora final = churn"
2022-02,reactivation,0.0,33767958.35,40549791.59,"Corregido, mora final = churn"
2022-03,reactivation,0.0,40549791.59,42580989.71,"Corregido, mora final = churn"
2022-04,reactivation,0.0,42580989.71,43237479.5,"Corregido, mora final = churn"
2022-05,reactivation,0.0,43237479.5,46053293.9,"Corregido, mora final = churn"
2022-06,reactivation,119700.0,46053293.9,46420856.06,"Corregido, mora final = churn"
2022-07,reactivation,451500.0,46420856.06,48124145.76,"Corregido, mora final = churn"
2022-08,reactivation,19950.0,48124145.76,48859902.6,"Corregido, mora final = churn"
2022-09,reactivation,0.0,48859902.6,48362755.11,"Corregido, mora final = churn"
2022-10,reactivation,136500.0,48362755.11,49714395.54,"Corregido, mora final = churn"
2022-11,reactivation,42000.0,49714395.54,50497919.85,"Corregido, mora final = churn"
2022-12,reactivation,1522735.4100000001,50497919.85,54076049.3,"Corregido, mora final = churn"
2023-01,reactivation,139288.17,54076049.3,55330603.86,"Corregido, mora final = churn"
2023-02,reactivation,71400.0,55330603.86,56225014.23,"Corregido, mora final = churn"
2023-03,reactivation,0.0,56225014.23,56225722.42,"Corregido, mora final = churn"
2023-04,reactivation,15750.0,56225722.42,59047782.85,"Corregido, mora final = churn"
2023-05,reactivation,63000.0,59047782.85,61063357.6,"Corregido, mora final = churn"
2023-06,reactivation,147000.0,61063357.6,62544455.645,"Corregido, mora final = churn"
2023-07,reactivation,383800.83,62544455.645,64113711.235,"Corregido, mora final = churn"
2023-08,reactivation,161700.0,64113711.235,67966658.305,"Corregido, mora final = churn"
2023-09,reactivation,355659.57,67966658.305,69161721.685,"Corregido, mora final = churn"
2023-10,reactivation,292021.8,69161721.685,71955914.59,"Corregido, mora final = churn"
2023-11,reactivation,201600.0,71955914.59,75430617.465,"Corregido, mora final = churn"
2023-12,reactivation,56931.0,75430617.465,78275554.81136364,"Corregido, mora final = churn"
2024-01,reactivation,0.0,78275554.81136364,78184415.44136363,"Corregido, mora final = churn"
2024-02,reactivation,0.0,78184415.44136363,76754670.34136364,"Corregido, mora final = churn"
2024-03,reactivation,115500.0,76754670.34136364,78985997.51636364,"Corregido, mora final = churn"
2024-04,reactivation,57539.99999999999,78985997.51636364,82504851.71636364,"Corregido, mora final = churn"
2024-05,reactivation,327533.01,82504851.71636364,84865240.27136363,"Corregido, mora final = churn"
2024-06,reactivation,132580.13999999998,84865240.27136363,87446794.45636363,"Corregido, mora final = churn"
2024-07,reactivation,431602.07999999996,87446794.45636363,88931230.06636363,"Corregido, mora final = churn"
2024-08,reactivation,28350.0,88931230.06636363,90969239.46636364,"Corregido, mora final = churn"
2024-09,reactivation,68531.61,90969239.46636364,92386850.97636364,"Corregido, mora final = churn"
2024-10,reactivation,1276449.93,92386850.97636364,94513522.44636364,"Corregido, mora final = churn"
