quarter,sm_cop,new_customers,new_mrr_cop,cac_cop,payback_months_no_margin
2022Q1,660000000.0,138,9204152.79,4782608.695652174,71.70676270357741
2022Q2,740200000.0,90,4779470.4,8224444.444444444,154.87071538302652
2022Q3,895100000.0,75,4871600.23,11934666.666666666,183.73839349293237
2022Q4,1000300000.0,77,4985073.8,12990909.090909092,200.6590153188906
2023Q1,865100000.0,128,5822756.8,6758593.75,148.5722364361843
2023Q2,820200000.0,144,6504434.58,5695833.333333333,126.09858549764981
2023Q3,410300000.0,187,7327780.32,2194117.6470588236,55.992399073448205
2023Q4,415100000.0,191,7921860.485,2173298.429319372,52.39930705495125
2024Q1,560200000.0,132,5653447.17,4243939.393939394,99.08998583602224
2024Q2,660200000.0,219,10553943.555,3014611.872146119,62.55481626933906
2024Q3,555100000.0,153,6454918.68,3628104.575163399,85.99643582186849
2024Q4,200000000.0,50,1906230.9,4000000.0,104.91908404170766
