cohort,age,cum_mrr_cop,sm_cop,recovered,mature
2022Q1,0,9204152.79,660000000.0,0.013945686045454543,True
2022Q1,1,18505882.5,660000000.0,0.02803921590909091,True
2022Q1,2,27118897.47,660000000.0,0.041089238590909086,True
2022Q1,3,35888690.67,660000000.0,0.05437680404545455,True
2022Q1,4,44326176.51,660000000.0,0.0671608735,True
2022Q1,5,52841760.93,660000000.0,0.08006327413636363,True
2022Q1,6,61437374.46,660000000.0,0.093086931,True
2022Q1,7,69494862.57,660000000.0,0.10529524631818181,True
2022Q1,8,77479430.28,660000000.0,0.11739307618181818,True
2022Q1,9,85341168.57,660000000.0,0.12930480086363635,True
2022Q1,10,94599471.53999999,660000000.0,0.1433325326363636,True
2022Q1,11,103556144.58,660000000.0,0.15690324936363637,True
2022Q1,12,111956192.03999999,660000000.0,0.169630594,True
2022Q1,13,119933567.03999999,660000000.0,0.18171752581818182,True
2022Q1,14,127782165.84,660000000.0,0.1936093421818182,True
2022Q1,15,135396317.7,660000000.0,0.2051459359090909,True
2022Q1,16,143197275.69,660000000.0,0.21696556922727273,True
2022Q1,17,150851523.69,660000000.0,0.2285629146818182,True
2022Q1,18,158513314.89,660000000.0,0.2401716892272727,True
2022Q1,19,166064682.63,660000000.0,0.2516131555,True
2022Q1,20,173657962.38,660000000.0,0.2631181248181818,True
2022Q1,21,181109399.73,660000000.0,0.2744081814090909,True
2022Q1,22,188586527.64,660000000.0,0.2857371630909091,True
2022Q1,23,196039379.34,660000000.0,0.29702936263636365,True
2022Q1,24,203292821.55,660000000.0,0.3080194265909091,True
2022Q2,0,4779470.4,740200000.0,0.0064569986490137805,True
2022Q2,1,9569440.8,740200000.0,0.012928182653336937,True
2022Q2,2,14248811.13,740200000.0,0.01924994748716563,True
2022Q2,3,18823181.46,740200000.0,0.02542985876790057,True
2022Q2,4,23397551.79,740200000.0,0.0316097700486355,True
2022Q2,5,28003422.12,740200000.0,0.03783223739529857,True
2022Q2,6,32567907.54,740200000.0,0.04399879429883815,True
2022Q2,7,36847392.96,740200000.0,0.04978032012969468,True
2022Q2,8,41196922.83,740200000.0,0.055656475047284514,True
2022Q2,9,45438302.7,740200000.0,0.06138652080518779,True
2022Q2,10,49630350.21,740200000.0,0.0670499192245339,True
2022Q2,11,53918923.8,740200000.0,0.07284372304782491,True
2022Q2,12,58076855.55,740200000.0,0.07846103154552823,True
2022Q2,13,62323449.3,740200000.0,0.08419812118346393,True
2022Q2,14,66437743.05,740200000.0,0.08975647534450149,True
2022Q2,15,70422536.73,740200000.0,0.09513987669548771,True
2022Q2,16,74326830.48,740200000.0,0.10041452375033776,True
2022Q2,17,78549221.73,740200000.0,0.10611891614428533,True
2022Q2,18,82763354.52,740200000.0,0.11181215147257498,True
2022Q2,19,86896038.18,740200000.0,0.1173953501486085,True
2022Q2,20,90988324.56,740200000.0,0.12292397265603891,True
2022Q2,21,94872495.48,740200000.0,0.12817143404485276,True
2022Q2,22,98882666.4,740200000.0,0.1335891196973791,True
2022Q2,23,102908810.13,740200000.0,0.13902838439610915,True
2022Q2,24,106833916.14,740200000.0,0.144331148527425,True
2022Q3,0,4871600.23,895100000.0,0.005442520645737907,True
2022Q3,1,9708323.66,895100000.0,0.010846077153390683,True
2022Q3,2,13826914.29,895100000.0,0.015447340286001563,True
2022Q3,3,17844250.69,895100000.0,0.019935482839906156,True
2022Q3,4,21846712.16,895100000.0,0.024407007217070717,True
2022Q3,5,26391148.560000002,895100000.0,0.029484022522623173,True
2022Q3,6,30404284.96,895100000.0,0.033967472863367223,True
2022Q3,7,34303601.36,895100000.0,0.038323764227460616,True
2022Q3,8,37926030.03,895100000.0,0.042370718389006815,True
2022Q3,9,41490510.25,895100000.0,0.046352932912523744,True
2022Q3,10,45060116.36,895100000.0,0.050340874047592445,True
2022Q3,11,48626845.05,895100000.0,0.054325600547424864,True
2022Q3,12,52258874.85,895100000.0,0.05838328103005251,True
2022Q3,13,55931608.11,895100000.0,0.062486435158082894,True
2022Q3,14,59457269.76,895100000.0,0.06642528182325996,True
2022Q3,15,62954222.94,895100000.0,0.07033205556921014,True
2022Q3,16,66404670.36,895100000.0,0.07418687337727628,True
2022Q3,17,69842433.78,895100000.0,0.07802752070159759,True
2022Q3,18,73074461.88,895100000.0,0.08163832184113506,True
2022Q3,19,76455285.27,895100000.0,0.08541535612780694,True
2022Q3,20,79753482.69,895100000.0,0.08910008120880349,True
2022Q3,21,83059776.87,895100000.0,0.09279385193833092,True
2022Q3,22,86366070.21,895100000.0,0.0964876217294157,True
2022Q3,23,89607415.17,895100000.0,0.10010883160540722,True
2022Q3,24,92832539.52,895100000.0,0.10371191991956205,True
2022Q4,0,4985073.8,1000300000.0,0.004983578726382085,True
2022Q4,1,9750592.6,1000300000.0,0.009747668299510147,True
2022Q4,2,14330366.399999999,1000300000.0,0.014326068579426171,True
2022Q4,3,18910140.2,1000300000.0,0.018904468859342195,True
2022Q4,4,23611189.0,1000300000.0,0.023604107767669698,True
2022Q4,5,28327987.799999997,1000300000.0,0.02831949195241427,True
2022Q4,6,33044786.599999998,1000300000.0,0.03303487613715885,True
2022Q4,7,37677585.4,1000300000.0,0.03766628551434569,True
2022Q4,8,42224914.199999996,1000300000.0,0.042212250524842544,True
2022Q4,9,46763877.44,1000300000.0,0.04674985248425472,True
2022Q4,10,51360259.72,1000300000.0,0.05134485626312106,True
2022Q4,11,55993180.53,1000300000.0,0.055976387613715886,True
2022Q4,12,60561426.736363634,1000300000.0,0.06054326375723646,True
2022Q4,13,65146088.43272727,1000300000.0,0.06512655046758699,True
2022Q4,14,69839732.1490909,1000300000.0,0.06981878651313696,True
2022Q4,15,74455163.57045454,1000300000.0,0.07443283372033843,True
2022Q4,16,78960350.76681818,1000300000.0,0.07893666976588841,True
2022Q4,17,83413300.04318182,1000300000.0,0.08338828355811438,True
2022Q4,18,87851592.15954545,1000300000.0,0.0878252445861696,True
2022Q4,19,92593871.87590909,1000300000.0,0.0925661020452955,True
2022Q4,20,97340458.27227272,1000300000.0,0.09731126489280488,True
2022Q4,21,102107593.37863636,1000300000.0,0.1020769702875501,True
2022Q4,22,106801422.735,1000300000.0,0.10676939191742477,True
2022Q4,23,109976661.375,1000300000.0,0.10994367827151855,False
2022Q4,24,111873887.685,1000300000.0,0.1118403355843247,False
2023Q1,0,5822756.8,865100000.0,0.006730732632065657,True
2023Q1,1,11507153.0,865100000.0,0.013301529302970756,True
2023Q1,2,17013469.2,865100000.0,0.019666476939082186,True
2023Q1,3,22468335.4,865100000.0,0.025971951681886485,True
2023Q1,4,27856631.6,865100000.0,0.03220047578314646,True
2023Q1,5,33287020.375,865100000.0,0.038477656195815516,True
2023Q1,6,38717409.15,865100000.0,0.04475483660848457,True
2023Q1,7,44280915.665,865100000.0,0.051185892573112936,True
2023Q1,8,49596686.44,865100000.0,0.05733058194428389,True
2023Q1,9,55161179.535000004,865100000.0,0.06376277833198475,True
2023Q1,10,60657098.81,865100000.0,0.07011570779100683,True
2023Q1,11,66049306.435,865100000.0,0.0763487532481794,True
2023Q1,12,71290780.19,865100000.0,0.08240756003930182,True
2023Q1,13,76493786.775,865100000.0,0.08842190125419028,True
2023Q1,14,81639514.18,865100000.0,0.09437003141833315,True
2023Q1,15,86785241.58500001,865100000.0,0.10031816158247603,True
2023Q1,16,92003687.86,865100000.0,0.10635035008669518,True
2023Q1,17,97142453.87,865100000.0,0.1122904333256271,True
2023Q1,18,102285074.43,865100000.0,0.11823497217662698,True
2023Q1,19,107572495.87,865100000.0,0.12434689153855046,True
2023Q1,20,111155992.36,865100000.0,0.12848918316957578,False
2023Q1,21,113719317.46000001,865100000.0,0.13145222224020345,False
2023Q2,0,6504434.58,820200000.0,0.00793030307242136,True
2023Q2,1,13109064.99,820200000.0,0.015982766386247255,True
2023Q2,2,19497999.57,820200000.0,0.023772250146305778,True
2023Q2,3,25941534.15,820200000.0,0.031628303035844914,True
2023Q2,4,32385068.73,820200000.0,0.03948435592538405,True
2023Q2,5,38697211.14,820200000.0,0.04718021353328457,True
2023Q2,6,45101927.43,820200000.0,0.05498893858814923,True
2023Q2,7,51434078.22,820200000.0,0.06270919070958303,True
2023Q2,8,57770932.59,820200000.0,0.07043517750548647,True
2023Q2,9,63919618.14,820200000.0,0.0779317460863204,True
2023Q2,10,70056947.1,820200000.0,0.0854144685442575,True
2023Q2,11,76049893.29,820200000.0,0.09272115738844185,True
2023Q2,12,81974733.96000001,820200000.0,0.09994481097293344,True
2023Q2,13,87966940.32000001,820200000.0,0.10725059780541332,True
2023Q2,14,93912246.54,820200000.0,0.11449920329188004,True
2023Q2,15,99791052.9,820200000.0,0.12166673116313095,True
2023Q2,16,105646368.24,820200000.0,0.12880561843452815,True
2023Q2,17,109470504.15,820200000.0,0.13346806163130945,False
2023Q2,18,111655686.87,820200000.0,0.1361322688002926,False
2023Q3,0,7327780.32,410300000.0,0.017859566951011457,True
2023Q3,1,14624760.57,410300000.0,0.03564406670728735,True
2023Q3,2,21835640.82,410300000.0,0.05321872000974896,True
2023Q3,3,29011031.07,410300000.0,0.07070687562758957,True
2023Q3,4,36168627.39,410300000.0,0.08815166314891543,True
2023Q3,5,43236015.06,410300000.0,0.10537659044601512,True
2023Q3,6,50303442.42,410300000.0,0.1226016144772118,True
2023Q3,7,57208539.78,410300000.0,0.1394310011698757,True
2023Q3,8,64327434.99,410300000.0,0.15678146475749452,True
2023Q3,9,71336963.88,410300000.0,0.17386537626127224,True
2023Q3,10,78314485.62,410300000.0,0.19087127862539607,True
2023Q3,11,84966918.96000001,410300000.0,0.20708486219839145,True
2023Q3,12,91640194.17,410300000.0,0.22334924243236656,True
2023Q3,13,98292469.38,410300000.0,0.23956244060443577,True
2023Q3,14,103110842.1,410300000.0,0.25130597635876184,False
2023Q3,15,105359098.32000001,410300000.0,0.2567855186936388,False
2023Q4,0,7921860.485,415100000.0,0.0190842218381113,True
2023Q4,1,15627656.905000001,415100000.0,0.03764793279932547,True
2023Q4,2,23404853.325,415100000.0,0.05638365050590219,True
2023Q4,3,31091749.745,415100000.0,0.0749018302698145,True
2023Q4,4,38687104.435,415100000.0,0.09319948069139967,True
2023Q4,5,46239199.125,415100000.0,0.1113929152613828,True
2023Q4,6,53791293.815,415100000.0,0.12958634983136594,True
2023Q4,7,61228456.345,415100000.0,0.14750290615514333,True
2023Q4,8,68710474.665,415100000.0,0.16552752268128162,True
2023Q4,9,76238997.065,415100000.0,0.1836641702360877,True
2023Q4,10,83831269.795,415100000.0,0.2019543960370995,True
2023Q4,11,89078460.765,415100000.0,0.21459518372681283,False
2023Q4,12,91672767.165,415100000.0,0.22084501846543003,False
2024Q1,0,5653447.17,560200000.0,0.01009183714744734,True
2024Q1,1,11749541.16,560200000.0,0.020973832845412353,True
2024Q1,2,17054235.45,560200000.0,0.03044311933238129,True
2024Q1,3,22395658.740000002,560200000.0,0.03997796990360586,True
2024Q1,4,27633153.03,560200000.0,0.04932729923241699,True
2024Q1,5,32853722.79,560200000.0,0.05864641697607997,True
2024Q1,6,38098442.55,560200000.0,0.06800864432345591,True
2024Q1,7,43679014.68,560200000.0,0.07797039393073903,True
2024Q1,8,47264887.74,560200000.0,0.0843714525883613,False
2024Q1,9,49658410.62,560200000.0,0.08864407465191003,False
2024Q2,0,10553943.555,660200000.0,0.0159859793320206,True
2024Q2,1,20387324.085,660200000.0,0.030880527241744928,True
2024Q2,2,29875884.615,660200000.0,0.045252778877612844,True
2024Q2,3,39086383.305,660200000.0,0.059203852325053014,True
2024Q2,4,48107168.625,660200000.0,0.07286756835049985,True
2024Q2,5,53543242.815,660200000.0,0.0811015492502272,False
2024Q2,6,56458117.275,660200000.0,0.08551668778400484,False
2024Q3,0,6454918.68,555100000.0,0.011628388902900378,True
2024Q3,1,12829827.36,555100000.0,0.02311264161412358,True
2024Q3,2,17015074.23,555100000.0,0.030652268474148803,False
2024Q3,3,19033035.84,555100000.0,0.034287580327868855,False
2024Q4,0,1906230.9,200000000.0,0.0095311545,False
