month,events,foregone_cop
2022-03,2,77516.25
2022-04,5,293816.25
2022-05,1,356816.25
2022-06,1,398816.25
2022-07,20,1788928.26
2022-08,2,1893928.26
2022-09,2,1982128.26
2022-10,2,2008378.26
2022-11,0,1903378.26
2022-12,0,1903378.26
2023-01,0,1766878.26
2023-02,4,1775803.26
2023-03,2,1664051.34
2023-04,0,1541201.34
2023-05,4,1005611.25
2023-06,0,911111.25
2023-07,1,917411.25
2023-08,1,730511.25
2023-09,2,799811.25
2023-10,1,799811.25
2023-11,1,743111.25
2023-12,1,749411.25
2024-01,7,1157978.64
2024-02,3,1254578.64
2024-03,0,1254578.64
2024-04,2,1323878.64
2024-05,1,1379528.64
2024-06,4,1511828.64
2024-07,4,1639928.64
2024-08,3,1668278.64
2024-09,5,1797428.64
2024-10,6,1883613.27
