cifra,valor
mrr_ini,"42,6"
mrr_fin,"95,7"
cambio_neto,"+53,1"
crec_mrr,125
mrr_fin_actual,"97,0"
mes_corte,oct-2024
cor_new,"+66,8"
act_new,"+91,6"
x_new,"1,4"
cor_expansion,"+28,4"
act_expansion,"+38,5"
x_expansion,"1,4"
cor_contraction,"−31,7"
act_contraction,"−84,4"
x_contraction,"2,7"
cor_churn,"−18,0"
act_churn,"−72,9"
x_churn,"4,1"
cor_reactivation,"+5,9"
act_reactivation,"+84,7"
x_reactivation,"14,4"
cor_price,"+1,7"
cliente,"+51,5"
precio_pct,3
precio_pend,"0,4"
precio_pend_n,94
precio_pend_pct,"8,5"
caja_arrears,"52,7"
caja_arrears_n,288
caja_lump,"9,3"
caja_lump_n,88
caja_spike,"5,5"
caja_spike_n,42
caja_prepaid,"9,0"
caja_prepaid_n,16
caja_retro,"0,9"
caja_retro_n,245
caja_prepaid_pending,"4,7"
caja_prepaid_pending_n,9
caja_prepaid_clientes,15
caja_no_mrr,"82,1"
sens_churn_min,"−15,7"
sens_churn_max,"−27,6"
sens_xchurn_min,"2,6"
sens_xchurn_max,"4,6"
sens_react_min,"3,9"
sens_react_max,"12,8"
sens_nrr_min,87
sens_nrr_max,92
sens_n,10
churn_sin_prepagos,"−27,6"
sin_catchup_contr,"−61,9"
sin_catchup_exp,"+53,2"
nrr_cor_2022,84
grr_cor_2022,80
logo_cor_2022,88
nrr_cor_2023,91
grr_cor_2023,87
logo_cor_2023,91
nrr_act_2022,50
grr_act_2022,48
logo_act_2022,87
nrr_act_2023,82
grr_act_2023,78
logo_act_2023,89
half_n,85
half_clientes,80
half_contr,"−4,2"
half_techo,"40,8"
mora_impaga,"18,8"
mora_impaga_n,225
mora_pagada,"24,1"
mora_abierta,"3,1"
mora_abierta_pct,"3,2"
mora_abierta_clientes,46
nuevos_mes_2022,"26,9"
mrr_nuevo_mes_2022,"1,6"
ticket_2022,60.480
m3_2022,55.280
nuevos_mes_2023,"54,2"
mrr_nuevo_mes_2023,"2,3"
ticket_2023,42.426
m3_2023,41.359
nuevos_mes_2024,"55,4"
mrr_nuevo_mes_2024,"2,5"
ticket_2024,44.348
m3_2024,41.711
crec_nuevos,106
crec_mrr_nuevo,51
caida_ticket,27
caida_m3,25
m3_med_2022,51.450
m3_med_2024,36.750
caida_m3_med,29
caida_min,25
caida_max,29
kit_dentro,97
kit_total,−16.132
retail_t0,"54,7"
retail_t1,"30,4"
retail_caida,44
retail_s0,"18,6"
retail_s1,"24,0"
sm_mes,198
sm_vs_mrr,"2,1"
cac_min,"2,2"
cac_max,"13,0"
payback_min,52
payback_max,201
magic_min,2
magic_max,27
magic_x10_min,"0,2"
magic_x10_max,"2,7"
cac_var_min,"1,3"
cac_var_max,"9,3"
sm_var_pct,69
pb24_min,10
pb24_max,14
pb24_n,2
pb_cohortes,10
pb_sin_payback,10
pb9_pre,6
pb9_post,18
pb9_x,"3,0"
pb9_post_n,2
corr_niveles,"−0,58"
corr_dif,"0,20"
clientes,1.961
meses,34
huecos,468
huecos_clientes,340
huecos_pct,17
base_inicial,377
payroll_neg,5
n_pruebas,62
