month,movement,customers,scenario
2022-02,churn,7,Corregido (N=2)
2022-02,contraction,12,Corregido (N=2)
2022-02,expansion,16,Corregido (N=2)
2022-02,new,108,Corregido (N=2)
2022-03,churn,3,Corregido (N=2)
2022-03,contraction,16,Corregido (N=2)
2022-03,expansion,8,Corregido (N=2)
2022-03,new,30,Corregido (N=2)
2022-03,price_uplift,1,Corregido (N=2)
2022-04,churn,4,Corregido (N=2)
2022-04,contraction,16,Corregido (N=2)
2022-04,expansion,18,Corregido (N=2)
2022-04,new,19,Corregido (N=2)
2022-05,churn,7,Corregido (N=2)
2022-05,contraction,16,Corregido (N=2)
2022-05,expansion,29,Corregido (N=2)
2022-05,new,38,Corregido (N=2)
2022-05,price_uplift,1,Corregido (N=2)
2022-06,churn,11,Corregido (N=2)
2022-06,contraction,17,Corregido (N=2)
2022-06,expansion,10,Corregido (N=2)
2022-06,new,33,Corregido (N=2)
2022-06,reactivation,2,Corregido (N=2)
2022-07,churn,5,Corregido (N=2)
2022-07,contraction,28,Corregido (N=2)
2022-07,expansion,18,Corregido (N=2)
2022-07,new,32,Corregido (N=2)
2022-07,price_uplift,1,Corregido (N=2)
2022-07,reactivation,1,Corregido (N=2)
2022-08,churn,6,Corregido (N=2)
2022-08,contraction,17,Corregido (N=2)
2022-08,expansion,7,Corregido (N=2)
2022-08,new,26,Corregido (N=2)
2022-08,reactivation,1,Corregido (N=2)
2022-09,churn,1,Corregido (N=2)
2022-09,contraction,10,Corregido (N=2)
2022-09,expansion,6,Corregido (N=2)
2022-09,new,17,Corregido (N=2)
2022-10,churn,4,Corregido (N=2)
2022-10,contraction,11,Corregido (N=2)
2022-10,expansion,7,Corregido (N=2)
2022-10,new,32,Corregido (N=2)
2022-10,reactivation,2,Corregido (N=2)
2022-11,churn,6,Corregido (N=2)
2022-11,contraction,14,Corregido (N=2)
2022-11,expansion,10,Corregido (N=2)
2022-11,new,19,Corregido (N=2)
2022-11,reactivation,1,Corregido (N=2)
2022-12,churn,3,Corregido (N=2)
2022-12,contraction,13,Corregido (N=2)
2022-12,expansion,17,Corregido (N=2)
2022-12,new,26,Corregido (N=2)
2022-12,price_uplift,4,Corregido (N=2)
2022-12,reactivation,2,Corregido (N=2)
2023-01,churn,18,Corregido (N=2)
2023-01,contraction,15,Corregido (N=2)
2023-01,expansion,11,Corregido (N=2)
2023-01,new,60,Corregido (N=2)
2023-01,price_uplift,4,Corregido (N=2)
2023-01,reactivation,2,Corregido (N=2)
2023-02,churn,4,Corregido (N=2)
2023-02,contraction,23,Corregido (N=2)
2023-02,expansion,18,Corregido (N=2)
2023-02,new,30,Corregido (N=2)
2023-02,price_uplift,7,Corregido (N=2)
2023-02,reactivation,1,Corregido (N=2)
2023-03,churn,7,Corregido (N=2)
2023-03,contraction,23,Corregido (N=2)
2023-03,expansion,10,Corregido (N=2)
2023-03,new,38,Corregido (N=2)
2023-03,price_uplift,15,Corregido (N=2)
2023-04,churn,13,Corregido (N=2)
2023-04,contraction,11,Corregido (N=2)
2023-04,expansion,22,Corregido (N=2)
2023-04,new,51,Corregido (N=2)
2023-04,price_uplift,48,Corregido (N=2)
2023-04,reactivation,1,Corregido (N=2)
2023-05,churn,14,Corregido (N=2)
2023-05,contraction,25,Corregido (N=2)
2023-05,expansion,26,Corregido (N=2)
2023-05,new,47,Corregido (N=2)
2023-05,price_uplift,51,Corregido (N=2)
2023-05,reactivation,1,Corregido (N=2)
2023-06,churn,6,Corregido (N=2)
2023-06,contraction,17,Corregido (N=2)
2023-06,expansion,19,Corregido (N=2)
2023-06,new,46,Corregido (N=2)
2023-06,price_uplift,8,Corregido (N=2)
2023-06,reactivation,3,Corregido (N=2)
2023-07,churn,9,Corregido (N=2)
2023-07,contraction,19,Corregido (N=2)
2023-07,expansion,12,Corregido (N=2)
2023-07,new,65,Corregido (N=2)
2023-07,price_uplift,12,Corregido (N=2)
2023-07,reactivation,5,Corregido (N=2)
2023-08,churn,11,Corregido (N=2)
2023-08,contraction,14,Corregido (N=2)
2023-08,expansion,14,Corregido (N=2)
2023-08,new,66,Corregido (N=2)
2023-08,price_uplift,24,Corregido (N=2)
2023-08,reactivation,2,Corregido (N=2)
2023-09,churn,8,Corregido (N=2)
2023-09,contraction,20,Corregido (N=2)
2023-09,expansion,11,Corregido (N=2)
2023-09,new,56,Corregido (N=2)
2023-09,price_uplift,19,Corregido (N=2)
2023-09,reactivation,3,Corregido (N=2)
2023-10,churn,12,Corregido (N=2)
2023-10,contraction,18,Corregido (N=2)
2023-10,expansion,21,Corregido (N=2)
2023-10,new,64,Corregido (N=2)
2023-10,price_uplift,22,Corregido (N=2)
2023-10,reactivation,2,Corregido (N=2)
2023-11,churn,12,Corregido (N=2)
2023-11,contraction,15,Corregido (N=2)
2023-11,expansion,32,Corregido (N=2)
2023-11,new,72,Corregido (N=2)
2023-11,price_uplift,18,Corregido (N=2)
2023-11,reactivation,5,Corregido (N=2)
2023-12,churn,8,Corregido (N=2)
2023-12,contraction,25,Corregido (N=2)
2023-12,expansion,34,Corregido (N=2)
2023-12,new,55,Corregido (N=2)
2023-12,price_uplift,25,Corregido (N=2)
2023-12,reactivation,3,Corregido (N=2)
2024-01,churn,12,Corregido (N=2)
2024-01,contraction,37,Corregido (N=2)
2024-01,expansion,34,Corregido (N=2)
2024-01,new,57,Corregido (N=2)
2024-01,price_uplift,27,Corregido (N=2)
2024-02,churn,17,Corregido (N=2)
2024-02,contraction,31,Corregido (N=2)
2024-02,expansion,20,Corregido (N=2)
2024-02,new,32,Corregido (N=2)
2024-02,price_uplift,18,Corregido (N=2)
2024-03,churn,14,Corregido (N=2)
2024-03,contraction,14,Corregido (N=2)
2024-03,expansion,17,Corregido (N=2)
2024-03,new,43,Corregido (N=2)
2024-03,price_uplift,2,Corregido (N=2)
2024-03,reactivation,1,Corregido (N=2)
2024-04,churn,6,Corregido (N=2)
2024-04,contraction,25,Corregido (N=2)
2024-04,expansion,22,Corregido (N=2)
2024-04,new,69,Corregido (N=2)
2024-04,price_uplift,3,Corregido (N=2)
2024-04,reactivation,1,Corregido (N=2)
2024-05,churn,12,Corregido (N=2)
2024-05,contraction,29,Corregido (N=2)
2024-05,expansion,22,Corregido (N=2)
2024-05,new,66,Corregido (N=2)
2024-05,price_uplift,28,Corregido (N=2)
2024-05,reactivation,5,Corregido (N=2)
2024-06,churn,16,Corregido (N=2)
2024-06,contraction,20,Corregido (N=2)
2024-06,expansion,21,Corregido (N=2)
2024-06,new,84,Corregido (N=2)
2024-06,price_uplift,26,Corregido (N=2)
2024-06,reactivation,1,Corregido (N=2)
2024-07,churn,18,Corregido (N=2)
2024-07,contraction,28,Corregido (N=2)
2024-07,expansion,17,Corregido (N=2)
2024-07,new,48,Corregido (N=2)
2024-07,price_uplift,44,Corregido (N=2)
2024-07,reactivation,3,Corregido (N=2)
2024-08,churn,13,Corregido (N=2)
2024-08,contraction,17,Corregido (N=2)
2024-08,expansion,27,Corregido (N=2)
2024-08,new,56,Corregido (N=2)
2024-08,price_uplift,59,Corregido (N=2)
2024-08,reactivation,2,Corregido (N=2)
2024-09,contraction,25,Corregido (N=2)
2024-09,expansion,31,Corregido (N=2)
2024-09,new,49,Corregido (N=2)
2024-09,price_uplift,58,Corregido (N=2)
2024-09,reactivation,2,Corregido (N=2)
2024-10,contraction,33,Corregido (N=2)
2024-10,expansion,24,Corregido (N=2)
2024-10,new,50,Corregido (N=2)
2024-10,price_uplift,94,Corregido (N=2)
2024-10,reactivation,3,Corregido (N=2)
2022-02,churn,28,Modelo actual (caja)
2022-02,contraction,24,Modelo actual (caja)
2022-02,expansion,26,Modelo actual (caja)
2022-02,new,108,Modelo actual (caja)
2022-03,churn,36,Modelo actual (caja)
2022-03,contraction,67,Modelo actual (caja)
2022-03,expansion,14,Modelo actual (caja)
2022-03,new,30,Modelo actual (caja)
2022-03,reactivation,16,Modelo actual (caja)
2022-04,churn,19,Modelo actual (caja)
2022-04,contraction,26,Modelo actual (caja)
2022-04,expansion,20,Modelo actual (caja)
2022-04,new,19,Modelo actual (caja)
2022-04,reactivation,32,Modelo actual (caja)
2022-05,churn,20,Modelo actual (caja)
2022-05,contraction,37,Modelo actual (caja)
2022-05,expansion,36,Modelo actual (caja)
2022-05,new,38,Modelo actual (caja)
2022-05,reactivation,15,Modelo actual (caja)
2022-06,churn,60,Modelo actual (caja)
2022-06,contraction,35,Modelo actual (caja)
2022-06,expansion,10,Modelo actual (caja)
2022-06,new,33,Modelo actual (caja)
2022-06,reactivation,15,Modelo actual (caja)
2022-07,churn,11,Modelo actual (caja)
2022-07,contraction,19,Modelo actual (caja)
2022-07,expansion,21,Modelo actual (caja)
2022-07,new,32,Modelo actual (caja)
2022-07,reactivation,45,Modelo actual (caja)
2022-08,churn,15,Modelo actual (caja)
2022-08,contraction,42,Modelo actual (caja)
2022-08,expansion,15,Modelo actual (caja)
2022-08,new,26,Modelo actual (caja)
2022-08,reactivation,12,Modelo actual (caja)
2022-09,churn,6,Modelo actual (caja)
2022-09,contraction,22,Modelo actual (caja)
2022-09,expansion,11,Modelo actual (caja)
2022-09,new,17,Modelo actual (caja)
2022-09,reactivation,9,Modelo actual (caja)
2022-10,churn,11,Modelo actual (caja)
2022-10,contraction,27,Modelo actual (caja)
2022-10,expansion,8,Modelo actual (caja)
2022-10,new,32,Modelo actual (caja)
2022-10,reactivation,4,Modelo actual (caja)
2022-11,churn,12,Modelo actual (caja)
2022-11,contraction,17,Modelo actual (caja)
2022-11,expansion,11,Modelo actual (caja)
2022-11,new,19,Modelo actual (caja)
2022-11,reactivation,8,Modelo actual (caja)
2022-12,churn,8,Modelo actual (caja)
2022-12,contraction,15,Modelo actual (caja)
2022-12,expansion,24,Modelo actual (caja)
2022-12,new,26,Modelo actual (caja)
2022-12,reactivation,10,Modelo actual (caja)
2023-01,churn,29,Modelo actual (caja)
2023-01,contraction,29,Modelo actual (caja)
2023-01,expansion,18,Modelo actual (caja)
2023-01,new,60,Modelo actual (caja)
2023-01,reactivation,5,Modelo actual (caja)
2023-02,churn,10,Modelo actual (caja)
2023-02,contraction,27,Modelo actual (caja)
2023-02,expansion,21,Modelo actual (caja)
2023-02,new,30,Modelo actual (caja)
2023-02,reactivation,10,Modelo actual (caja)
2023-03,churn,13,Modelo actual (caja)
2023-03,contraction,25,Modelo actual (caja)
2023-03,expansion,26,Modelo actual (caja)
2023-03,new,38,Modelo actual (caja)
2023-03,reactivation,4,Modelo actual (caja)
2023-04,churn,29,Modelo actual (caja)
2023-04,contraction,31,Modelo actual (caja)
2023-04,expansion,70,Modelo actual (caja)
2023-04,new,51,Modelo actual (caja)
2023-04,reactivation,8,Modelo actual (caja)
2023-05,churn,25,Modelo actual (caja)
2023-05,contraction,68,Modelo actual (caja)
2023-05,expansion,76,Modelo actual (caja)
2023-05,new,47,Modelo actual (caja)
2023-05,reactivation,17,Modelo actual (caja)
2023-06,churn,23,Modelo actual (caja)
2023-06,contraction,33,Modelo actual (caja)
2023-06,expansion,27,Modelo actual (caja)
2023-06,new,46,Modelo actual (caja)
2023-06,reactivation,15,Modelo actual (caja)
2023-07,churn,25,Modelo actual (caja)
2023-07,contraction,26,Modelo actual (caja)
2023-07,expansion,26,Modelo actual (caja)
2023-07,new,65,Modelo actual (caja)
2023-07,reactivation,20,Modelo actual (caja)
2023-08,churn,18,Modelo actual (caja)
2023-08,contraction,22,Modelo actual (caja)
2023-08,expansion,38,Modelo actual (caja)
2023-08,new,66,Modelo actual (caja)
2023-08,reactivation,14,Modelo actual (caja)
2023-09,churn,15,Modelo actual (caja)
2023-09,contraction,34,Modelo actual (caja)
2023-09,expansion,30,Modelo actual (caja)
2023-09,new,56,Modelo actual (caja)
2023-09,reactivation,16,Modelo actual (caja)
2023-10,churn,19,Modelo actual (caja)
2023-10,contraction,32,Modelo actual (caja)
2023-10,expansion,44,Modelo actual (caja)
2023-10,new,64,Modelo actual (caja)
2023-10,reactivation,10,Modelo actual (caja)
2023-11,churn,15,Modelo actual (caja)
2023-11,contraction,18,Modelo actual (caja)
2023-11,expansion,58,Modelo actual (caja)
2023-11,new,72,Modelo actual (caja)
2023-11,reactivation,13,Modelo actual (caja)
2023-12,churn,25,Modelo actual (caja)
2023-12,contraction,33,Modelo actual (caja)
2023-12,expansion,58,Modelo actual (caja)
2023-12,new,55,Modelo actual (caja)
2023-12,reactivation,8,Modelo actual (caja)
2024-01,churn,32,Modelo actual (caja)
2024-01,contraction,32,Modelo actual (caja)
2024-01,expansion,62,Modelo actual (caja)
2024-01,new,57,Modelo actual (caja)
2024-01,reactivation,17,Modelo actual (caja)
2024-02,churn,37,Modelo actual (caja)
2024-02,contraction,33,Modelo actual (caja)
2024-02,expansion,40,Modelo actual (caja)
2024-02,new,32,Modelo actual (caja)
2024-02,reactivation,14,Modelo actual (caja)
2024-03,churn,30,Modelo actual (caja)
2024-03,contraction,23,Modelo actual (caja)
2024-03,expansion,19,Modelo actual (caja)
2024-03,new,43,Modelo actual (caja)
2024-03,reactivation,15,Modelo actual (caja)
2024-04,churn,18,Modelo actual (caja)
2024-04,contraction,40,Modelo actual (caja)
2024-04,expansion,22,Modelo actual (caja)
2024-04,new,69,Modelo actual (caja)
2024-04,reactivation,26,Modelo actual (caja)
2024-05,churn,22,Modelo actual (caja)
2024-05,contraction,55,Modelo actual (caja)
2024-05,expansion,52,Modelo actual (caja)
2024-05,new,66,Modelo actual (caja)
2024-05,reactivation,16,Modelo actual (caja)
2024-06,churn,28,Modelo actual (caja)
2024-06,contraction,61,Modelo actual (caja)
2024-06,expansion,48,Modelo actual (caja)
2024-06,new,84,Modelo actual (caja)
2024-06,reactivation,17,Modelo actual (caja)
2024-07,churn,27,Modelo actual (caja)
2024-07,contraction,63,Modelo actual (caja)
2024-07,expansion,64,Modelo actual (caja)
2024-07,new,48,Modelo actual (caja)
2024-07,reactivation,15,Modelo actual (caja)
2024-08,churn,29,Modelo actual (caja)
2024-08,contraction,68,Modelo actual (caja)
2024-08,expansion,86,Modelo actual (caja)
2024-08,new,56,Modelo actual (caja)
2024-08,reactivation,9,Modelo actual (caja)
2024-09,churn,23,Modelo actual (caja)
2024-09,contraction,75,Modelo actual (caja)
2024-09,expansion,93,Modelo actual (caja)
2024-09,new,49,Modelo actual (caja)
2024-09,reactivation,17,Modelo actual (caja)
2024-10,churn,33,Modelo actual (caja)
2024-10,contraction,88,Modelo actual (caja)
2024-10,expansion,120,Modelo actual (caja)
2024-10,new,50,Modelo actual (caja)
2024-10,reactivation,16,Modelo actual (caja)
