month,industry,mrr_cop,mrr_actual_cop,paying_customers
2022-01,Producción,7433779.92,7589179.92,91
2022-01,Restaurantes,12363802.43,12897902.43,109
2022-01,Retail,3298726.62,3519226.62,58
2022-01,Salud,3035139.0300000003,3049839.0300000003,34
2022-01,Servicios profesionales,1926459.57,1957959.57,23
2022-01,Tecnología,5710050.78,5986200.78,62
2022-02,Producción,8833860.21,9598336.23,110
2022-02,Restaurantes,14180626.25,15206208.15,123
2022-02,Retail,4048164.12,4385689.77,75
2022-02,Salud,3362742.81,3158644.23,36
2022-02,Servicios profesionales,2646240.45,3288008.43,36
2022-02,Tecnología,7478157.75,8181623.1,77
2022-03,Producción,9267514.41,8885135.28,110
2022-03,Restaurantes,14931607.88,13239654.33,136
2022-03,Retail,4518217.62,4484617.62,73
2022-03,Salud,3512346.81,3451446.81,40
2022-03,Servicios profesionales,2717113.56,2343744.9,32
2022-03,Tecnología,7634189.43,7140639.03,76
2022-04,Producción,9403033.71,9392560.8,118
2022-04,Restaurantes,15169804.58,18294478.65,144
2022-04,Retail,4749760.47,4865260.47,83
2022-04,Salud,3499962.9,2987835.27,38
2022-04,Servicios profesionales,2829802.5,3046679.16,37
2022-04,Tecnología,7585115.34,10208107.56,79
2022-05,Producción,10339849.38,11415129.18,129
2022-05,Restaurantes,15903753.95,16947499.38,154
2022-05,Retail,5014151.73,6428882.46,83
2022-05,Salud,3883531.68,3845731.68,42
2022-05,Servicios profesionales,2868235.65,3187729.65,41
2022-05,Tecnología,8043771.51,7474221.51,83
2022-06,Producción,10333744.26,10017193.620000001,127
2022-06,Restaurantes,16131900.26,11472439.65,145
2022-06,Retail,5143655.16,5269655.16,91
2022-06,Salud,3944981.88,2706195.87,36
2022-06,Servicios profesionales,2926364.91,2594564.91,35
2022-06,Tecnología,7940209.59,7485147.39,86
2022-07,Producción,10011255.87,11243389.71,140
2022-07,Restaurantes,17260049.45,16144605.54,163
2022-07,Retail,5780728.59,6139828.59,100
2022-07,Salud,3838419.69,3920194.95,45
2022-07,Servicios profesionales,3128292.93,3395076.93,45
2022-07,Tecnología,8105399.23,8535274.23,93
2022-08,Producción,10209499.86,10285099.86,147
2022-08,Restaurantes,17568183.29,22865204.88,169
2022-08,Retail,5291004.39,5635330.68,101
2022-08,Salud,3939072.69,3981072.69,49
2022-08,Servicios profesionales,3082054.29,2767324.35,48
2022-08,Tecnología,8770088.08,9556963.08,95
2022-09,Producción,10547599.86,11503099.86,152
2022-09,Restaurantes,17219233.22,16808890.77,175
2022-09,Retail,5438949.39,5450499.39,105
2022-09,Salud,3946317.69,4985817.6899999995,50
2022-09,Servicios profesionales,3045499.8,3410229.9,50
2022-09,Tecnología,8165155.15,8305230.15,97
2022-10,Producción,11008987.08,11449987.08,161
2022-10,Restaurantes,17514144.83,17019802.38,181
2022-10,Retail,5572656.39,5634606.39,108
2022-10,Salud,4143822.69,4059822.69,54
2022-10,Servicios profesionales,3055825.08,3053389.08,50
2022-10,Tecnología,8418959.47,8050834.47,100
2022-11,Producción,10942323.84,10884573.84,165
2022-11,Restaurantes,18391215.92,18278285.97,184
2022-11,Retail,5530698.39,5510748.39,111
2022-11,Salud,4195131.57,4279131.57,56
2022-11,Servicios profesionales,3366100.08,3353164.08,52
2022-11,Tecnología,8072450.05,7968325.05,101
2022-12,Producción,12206133.03,12268521.09,169
2022-12,Restaurantes,18830292.25,24575781.3,196
2022-12,Retail,6333668.46,7006886.46,115
2022-12,Salud,4515780.57,4515780.57,56
2022-12,Servicios profesionales,3684498.72,4645962.72,54
2022-12,Tecnología,8505676.27,9399039.51,107
2023-01,Producción,13215842.22,14358687.42,183
2023-01,Restaurantes,19349273.3,19755147.3,204
2023-01,Retail,6152290.41,5859340.41,125
2023-01,Salud,4256922.81,4256922.81,56
2023-01,Servicios profesionales,3701278.56,3841978.56,56
2023-01,Tecnología,8654996.56,8290991.5200000005,109
2023-02,Producción,12987449.37,12852934.71,188
2023-02,Restaurantes,19932381.14,19301052.54,212
2023-02,Retail,6348040.44,6223090.44,132
2023-02,Salud,4388808.06,4388808.06,59
2023-02,Servicios profesionales,3830254.89,3867478.65,60
2023-02,Tecnología,8738080.33,8885501.1,112
2023-03,Producción,13239250.71,13248669.63,200
2023-03,Restaurantes,19656649.88,19847395.26,216
2023-03,Retail,6393050.58,6596984.52,140
2023-03,Salud,4478872.2299999995,4482306.57,61
2023-03,Servicios profesionales,3804436.44,3650750.04,60
2023-03,Tecnología,8653462.58,8864768.01,115
2023-04,Producción,13412388.78,12983263.86,196
2023-04,Restaurantes,20911219.7,20902852.53,236
2023-04,Retail,7126564.2,7027133.19,147
2023-04,Salud,4703007.54,4530921.15,61
2023-04,Servicios profesionales,3975472.41,3772230.0,66
2023-04,Tecnología,8919130.22,10866406.32,116
2023-05,Producción,13301760.78,14001898.05,201
2023-05,Restaurantes,22109056.13,21697935.0,240
2023-05,Retail,7478510.13,7330883.49,162
2023-05,Salud,4779351.99,4905351.99,65
2023-05,Servicios profesionales,4028845.59,4640382.81,72
2023-05,Tecnología,9365832.98,9445649.22,121
2023-06,Producción,14021847.175,13910520.540000001,211
2023-06,Restaurantes,21891277.94,21496358.94,244
2023-06,Retail,7903372.89,8213261.28,182
2023-06,Salud,5049304.47,4863454.47,68
2023-06,Servicios profesionales,4116840.84,4029060.84,69
2023-06,Tecnología,9561812.33,9500959.86,125
2023-07,Producción,14450820.685,14160449.31,220
2023-07,Restaurantes,22241518.88,23504459.37,267
2023-07,Retail,8160451.74,8182501.74,198
2023-07,Salud,5411784.0,5474784.0,75
2023-07,Servicios profesionales,4231753.26,3939853.26,72
2023-07,Tecnología,9617382.67,9214142.28,127
2023-08,Producción,15740945.605,15719223.03,240
2023-08,Restaurantes,23338812.349999998,22932337.47,271
2023-08,Retail,8652791.7,8847041.7,214
2023-08,Salud,5778799.32,5859649.32,80
2023-08,Servicios profesionales,4339145.37,4339145.37,79
2023-08,Tecnología,10116163.96,10422701.1,137
2023-09,Producción,15625416.835,15907676.82,256
2023-09,Restaurantes,23924743.64,23713472.16,289
2023-09,Retail,8754572.19,8715722.19,224
2023-09,Salud,5784619.05,5784619.05,80
2023-09,Servicios profesionales,4561833.78,4579473.78,88
2023-09,Tecnología,10510536.19,10548440.07,141
2023-10,Producción,16046891.875,16158670.5,266
2023-10,Restaurantes,24316287.8,24344146.89,306
2023-10,Retail,9447605.055,9533170.92,238
2023-10,Salud,6283391.1,6209891.1,81
2023-10,Servicios profesionales,4944073.47,4944073.47,96
2023-10,Tecnología,10917665.29,10665079.95,146
2023-11,Producción,17317506.535,17461578.96,290
2023-11,Restaurantes,25772889.31,26554954.44,322
2023-11,Retail,9537466.26,9613066.26,250
2023-11,Salud,6274650.27,6390150.27,83
2023-11,Servicios profesionales,5246384.43,5246384.43,104
2023-11,Tecnología,11281720.66,11608620.66,154
2023-12,Producción,17823489.985,18297372.87,302
2023-12,Restaurantes,26369822.64636364,26628030.03,335
2023-12,Retail,9850346.52,9634193.52,258
2023-12,Salud,7441533.96,7441533.96,86
2023-12,Servicios profesionales,5194611.24,4720063.74,104
2023-12,Tecnología,11595750.46,11196811.08,156
2024-01,Producción,18121689.775,17843505.75,306
2024-01,Restaurantes,26866449.966363635,26231796.990000002,356
2024-01,Retail,9873874.92,9884374.92,270
2024-01,Salud,6863257.8,6837791.31,88
2024-01,Servicios profesionales,4705792.7700000005,4712092.7700000005,104
2024-01,Tecnología,11753350.21,10996440.21,159
2024-02,Producción,18085236.715,17975429.43,313
2024-02,Restaurantes,25305048.306363635,25221406.56,358
2024-02,Retail,9702035.49,9642185.49,264
2024-02,Salud,6865459.86,6631120.23,91
2024-02,Servicios profesionales,4678697.1,4672397.1,105
2024-02,Tecnología,12118192.870000001,11490548.37,161
2024-03,Producción,18224024.455000002,17856025.53,320
2024-03,Restaurantes,25561711.986363634,25536131.669999998,362
2024-03,Retail,9863475.72,9782625.72,270
2024-03,Salud,7340452.14,7450372.23,97
2024-03,Servicios profesionales,5684632.38,5678332.38,107
2024-03,Tecnología,12290000.835,11735322.48,164
2024-04,Producción,18642438.115,18285297.24,329
2024-04,Restaurantes,26800675.146363635,27137137.44,388
2024-04,Retail,10588155.375,11226495.84,290
2024-04,Salud,7542723.72,8397662.7,105
2024-04,Servicios profesionales,6297192.09,6248892.09,113
2024-04,Tecnología,12611967.27,12825198.54,172
2024-05,Producción,19230447.145,19334778.12,340
2024-05,Restaurantes,27974089.836363636,28043231.58,411
2024-05,Retail,11466828.24,12061520.1,299
2024-05,Salud,7806542.31,7840068.81,108
2024-05,Servicios profesionales,5616299.43,5705723.5200000005,121
2024-05,Tecnología,12749333.31,12666359.16,178
2024-06,Producción,20107458.42,20235683.58,357
2024-06,Restaurantes,28670918.346363638,29202921.72,430
2024-06,Retail,11586729.63,11739392.07,320
2024-06,Salud,8052642.99,7988184.33,113
2024-06,Servicios profesionales,5594401.68,5602801.68,123
2024-06,Tecnología,13399293.39,15326006.01,187
2024-07,Producción,20316726.99,20415928.47,368
2024-07,Restaurantes,29799987.966363635,29660531.25,443
2024-07,Retail,11515775.67,11419195.62,321
2024-07,Salud,8098295.1,8174236.98,116
2024-07,Servicios profesionales,5982722.13,6046985.07,131
2024-07,Tecnología,13156822.21,13717036.41,187
2024-08,Producción,20710923.24,21217353.78,380
2024-08,Restaurantes,30610548.276363637,30392942.16,436
2024-08,Retail,12175074.87,12321164.94,344
2024-08,Salud,8032821.3,7872264.33,116
2024-08,Servicios profesionales,5961931.08,5975932.2,132
2024-08,Tecnología,13438740.7,13409119.92,194
2024-09,Producción,21094648.05,20636876.61,381
2024-09,Restaurantes,31308612.006363638,31017145.95,448
2024-09,Retail,12633031.95,13282911.81,361
2024-09,Salud,8356546.38,7934144.4,119
2024-09,Servicios profesionales,6134177.49,5927409.39,136
2024-09,Tecnología,13788660.97,13865204.64,200
2024-10,Producción,21340880.82,22936660.11,389
2024-10,Restaurantes,32070784.746363636,31319474.13,459
2024-10,Retail,12775117.74,12475484.91,360
2024-10,Salud,8642457.18,8558457.39,124
2024-10,Servicios profesionales,6390795.8100000005,6433848.75,140
2024-10,Tecnología,14484554.56,15283521.540000001,206
