month,industry,new_customers,new_mrr_cop,mrr_m3_sum_cop,with_m3
2022-02,Producción,25,1463478.87,1434673.17,25
2022-02,Restaurantes,25,2018713.2,1828873.2,25
2022-02,Retail,19,938700.0,938700.0,19
2022-02,Salud,6,355407.78,309385.23,6
2022-02,Servicios profesionales,16,796257.21,865532.85,16
2022-02,Tecnología,17,1598432.85,1283012.6400000001,17
2022-03,Producción,7,427875.0,424200.0,7
2022-03,Restaurantes,11,765287.88,762137.88,11
2022-03,Retail,4,264600.0,233100.0,4
2022-03,Salud,3,214200.0,214200.0,3
2022-03,Servicios profesionales,1,105000.0,105000.0,1
2022-03,Tecnología,4,256200.0,214200.0,4
2022-04,Producción,5,159600.0,153300.0,5
2022-04,Restaurantes,6,136500.0,147000.0,6
2022-04,Retail,4,308700.0,308700.0,4
2022-04,Salud,2,84000.0,84000.0,2
2022-04,Tecnología,2,411000.0,411000.0,2
2022-05,Producción,9,596400.0,564900.0,9
2022-05,Restaurantes,11,585375.0,513975.0,11
2022-05,Retail,8,477520.47,492920.4,8
2022-05,Salud,2,154350.0,154350.0,2
2022-05,Servicios profesionales,3,81900.0,81900.0,3
2022-05,Tecnología,5,237300.0,237300.0,5
2022-06,Producción,11,477225.0,466725.0,11
2022-06,Restaurantes,7,369600.0,369600.0,7
2022-06,Retail,6,159249.93,152949.93,6
2022-06,Salud,3,189000.0,189000.0,3
2022-06,Tecnología,6,351750.0,351750.0,6
2022-07,Producción,8,390004.23,390004.23,8
2022-07,Restaurantes,8,889350.0,826350.0,8
2022-07,Retail,7,749700.0,182700.0,7
2022-07,Salud,2,68250.0,68250.0,2
2022-07,Servicios profesionales,4,342300.0,342300.0,4
2022-07,Tecnología,3,106225.0,168015.40000000002,3
2022-08,Producción,7,312921.0,312921.0,7
2022-08,Restaurantes,7,514500.0,514500.0,7
2022-08,Retail,4,236250.0,236250.0,4
2022-08,Salud,2,168000.0,168000.0,2
2022-08,Servicios profesionales,3,185850.0,122850.0,3
2022-08,Tecnología,3,159600.0,159600.0,3
2022-09,Producción,4,317100.0,216300.0,4
2022-09,Restaurantes,4,158550.0,137550.0,4
2022-09,Retail,5,140700.0,140700.0,5
2022-09,Servicios profesionales,2,39900.0,39900.0,2
2022-09,Tecnología,2,92400.0,92400.0,2
2022-10,Producción,8,489300.0,489300.0,8
2022-10,Restaurantes,9,616350.0,563850.0,9
2022-10,Retail,5,150150.0,150150.0,5
2022-10,Salud,5,267750.0,267750.0,5
2022-10,Tecnología,5,392700.0,392700.0,5
2022-11,Producción,5,156450.0,149100.0,5
2022-11,Restaurantes,5,593250.0,593250.0,5
2022-11,Retail,2,36750.0,21000.0,2
2022-11,Salud,2,168000.0,168000.0,2
2022-11,Servicios profesionales,3,310275.0,147000.0,3
2022-11,Tecnología,2,210000.0,168000.0,2
2022-12,Producción,6,409920.0,304920.0,6
2022-12,Restaurantes,10,566069.0,566069.0,10
2022-12,Retail,4,201600.0,201600.0,4
2022-12,Servicios profesionales,1,105000.0,105000.0,1
2022-12,Tecnología,5,311509.8,292084.8,5
2023-01,Producción,16,1239541.8,1078501.2,16
2023-01,Restaurantes,15,534450.0,534450.0,15
2023-01,Retail,15,487200.0,445200.0,15
2023-01,Salud,2,66150.0,66150.0,2
2023-01,Servicios profesionales,4,116865.0,116865.0,4
2023-01,Tecnología,8,395010.0,418110.0,8
2023-02,Producción,6,271110.0,229110.0,6
2023-02,Restaurantes,7,531300.0,531300.0,7
2023-02,Retail,7,320250.0,320250.0,7
2023-02,Salud,3,147000.0,147000.0,3
2023-02,Servicios profesionales,4,89880.0,89880.0,4
2023-02,Tecnología,3,269850.0,122850.0,3
2023-03,Producción,13,620550.0,614250.0,13
2023-03,Restaurantes,7,192150.0,192150.0,7
2023-03,Retail,9,218400.0,239400.0,9
2023-03,Salud,2,84000.0,84000.0,2
2023-03,Servicios profesionales,2,24150.0,24150.0,2
2023-03,Tecnología,5,214900.0,252700.0,5
2023-04,Producción,2,102900.0,102900.0,2
2023-04,Restaurantes,22,1297170.0,1297170.0,22
2023-04,Retail,13,735000.0,615300.0,13
2023-04,Salud,3,212625.0,212625.0,3
2023-04,Servicios profesionales,7,158550.0,158550.0,7
2023-04,Tecnología,4,142800.0,142800.0,4
2023-05,Producción,6,195300.0,195300.0,6
2023-05,Restaurantes,10,389550.0,389550.0,10
2023-05,Retail,19,507150.0,496650.0,19
2023-05,Salud,2,159599.58000000002,159599.58000000002,2
2023-05,Servicios profesionales,3,182700.0,182700.0,3
2023-05,Tecnología,7,368550.0,368550.0,7
2023-06,Producción,12,557550.0,557550.0,12
2023-06,Restaurantes,7,380100.0,394800.0,7
2023-06,Retail,14,354690.0,354690.0,14
2023-06,Salud,6,382200.0,382200.0,6
2023-06,Servicios profesionales,2,69300.0,69300.0,2
2023-06,Tecnología,5,308700.0,308700.0,5
2023-07,Producción,14,668850.0,584850.0,14
2023-07,Restaurantes,18,761250.0,751449.9299999999,18
2023-07,Retail,18,387450.0,387450.0,18
2023-07,Salud,4,287700.0,287700.0,4
2023-07,Servicios profesionales,5,148050.0,148050.0,5
2023-07,Tecnología,6,279300.0,279300.0,6
2023-08,Producción,22,795480.0,783930.0,22
2023-08,Restaurantes,9,478800.0,478800.0,9
2023-08,Retail,17,511350.0,511350.0,17
2023-08,Salud,4,289800.0,289800.0,4
2023-08,Servicios profesionales,6,145950.0,148050.0,6
2023-08,Tecnología,8,530250.0,530250.0,8
2023-09,Producción,13,533609.79,533609.79,13
2023-09,Restaurantes,19,840840.0,840840.0,19
2023-09,Retail,11,288162.0,274512.0,11
2023-09,Servicios profesionales,9,202438.53,202438.53,9
2023-09,Tecnología,4,178500.0,178500.0,4
2023-10,Producción,15,439530.0,439530.0,15
2023-10,Restaurantes,16,827085.0,855225.0,16
2023-10,Retail,19,520914.135,486780.0,19
2023-10,Salud,3,509250.0,404250.0,3
2023-10,Servicios profesionales,8,386400.0,386400.0,8
2023-10,Tecnología,3,69300.0,69300.0,3
2023-11,Producción,21,1085986.86,940456.86,21
2023-11,Restaurantes,17,694400.84,694400.84,17
2023-11,Retail,15,416849.79,396899.79,15
2023-11,Salud,5,268107.0,268107.0,5
2023-11,Servicios profesionales,8,142806.93,142806.93,8
2023-11,Tecnología,6,285039.93,289800.0,6
2023-12,Producción,15,720090.0,881790.0,15
2023-12,Restaurantes,17,705600.0,665700.0,17
2023-12,Retail,12,305550.0,305550.0,12
2023-12,Salud,3,178500.0,183750.0,3
2023-12,Servicios profesionales,3,39900.0,39900.0,3
2023-12,Tecnología,5,326550.0,326550.0,5
2024-01,Producción,10,394800.0,394800.0,10
2024-01,Restaurantes,24,1080562.98,1066800.0,24
2024-01,Retail,13,411075.0,411075.0,13
2024-01,Salud,4,155400.0,155400.0,4
2024-01,Tecnología,6,271950.0,244650.0,6
2024-02,Producción,9,311637.9,308700.0,9
2024-02,Restaurantes,8,266259.0,266259.0,8
2024-02,Retail,5,119700.0,119700.0,5
2024-02,Salud,6,294000.0,241500.0,6
2024-02,Servicios profesionales,1,38850.0,38850.0,1
2024-02,Tecnología,3,225519.0,225519.0,3
2024-03,Producción,12,426510.0,374850.0,12
2024-03,Restaurantes,7,329700.0,329700.0,7
2024-03,Retail,11,294241.29,294241.29,11
2024-03,Salud,7,388500.0,388500.0,7
2024-03,Servicios profesionales,2,342341.99999999994,214200.0,2
2024-03,Tecnología,4,302400.0,229950.0,4
2024-04,Producción,13,494550.0,412650.0,13
2024-04,Restaurantes,20,853258.47,822808.47,20
2024-04,Retail,17,820271.025,679980.0,17
2024-04,Salud,5,352905.0,352905.0,5
2024-04,Servicios profesionales,8,262500.0,262500.0,8
2024-04,Tecnología,6,324450.0,324450.0,6
2024-05,Producción,14,735000.0,655200.0,14
2024-05,Restaurantes,20,1177659.0,1068207.0,20
2024-05,Retail,14,431970.0,344400.0,14
2024-05,Salud,3,113400.0,113400.0,3
2024-05,Servicios profesionales,8,452970.0,141120.0,8
2024-05,Tecnología,7,373322.67,373322.67,7
2024-06,Producción,15,873600.0,723450.0,15
2024-06,Restaurantes,24,1390947.3900000001,1407327.3900000001,24
2024-06,Retail,21,731640.0,687540.0,21
2024-06,Salud,6,265650.0,265650.0,6
2024-06,Servicios profesionales,8,332850.0,311850.0,8
2024-06,Tecnología,10,567000.0,541800.0,10
2024-07,Producción,14,669900.0,632100.0,14
2024-07,Restaurantes,13,559125.21,661500.21,13
2024-07,Retail,5,112350.0,114240.0,5
2024-07,Salud,3,204750.0,204750.0,3
2024-07,Servicios profesionales,6,255150.0,175350.0,6
2024-07,Tecnología,7,294000.0,294000.0,7
2024-08,Producción,10,440790.0,440790.0,10
2024-08,Restaurantes,7,505050.0,505050.0,7
2024-08,Retail,23,560436.87,572826.87,23
2024-08,Salud,4,170099.79,170099.79,4
2024-08,Servicios profesionales,5,164640.0,164640.0,5
2024-08,Tecnología,7,249900.0,249900.0,7
2024-09,Producción,7,291900.0,0.0,0
2024-09,Restaurantes,12,908699.19,0.0,0
2024-09,Retail,17,443797.62,0.0,0
2024-09,Salud,3,192150.0,0.0,0
2024-09,Servicios profesionales,5,172830.0,0.0,0
2024-09,Tecnología,5,259350.0,0.0,0
2024-10,Producción,9,285138.42,0.0,0
2024-10,Restaurantes,18,1144297.98,0.0,0
2024-10,Retail,7,120372.0,0.0,0
2024-10,Salud,5,172200.0,0.0,0
2024-10,Servicios profesionales,5,161700.0,0.0,0
2024-10,Tecnología,6,317625.0,0.0,0
