month,extra_kind,events,amount_cop
2022-01,arrears,12,708750.0
2022-01,prepaid,1,211750.0
2022-01,spike,2,311850.0
2022-02,arrears,40,3708340.65
2022-02,lump,10,782943.63
2022-02,spike,5,334950.0
2022-03,arrears,11,880059.6
2022-03,lump,5,452025.0
2022-03,retro,1,32477.76000000001
2022-03,spike,2,537275.76
2022-04,arrears,21,5189905.350000001
2022-04,lump,3,285169.5
2022-04,prepaid,1,1836000.0
2022-04,spike,2,241500.0
2022-05,arrears,11,3279850.35
2022-05,lump,7,531300.0
2022-05,prepaid,1,895125.0
2022-05,retro,1,2436.0
2022-05,spike,4,321874.35
2022-06,arrears,8,1454775.0
2022-06,lump,3,294000.0
2022-07,arrears,24,3246434.1
2022-07,lump,4,237384.0
2022-07,prepaid,2,1087625.0
2022-07,retro,1,2520.0000000000146
2022-07,spike,1,829500.0
2022-08,arrears,7,6878744.039999999
2022-08,lump,10,1479796.29
2022-08,prepaid,1,219450.0
2022-09,arrears,9,2614166.1
2022-09,lump,5,350700.0
2022-09,spike,2,73500.0
2022-10,arrears,3,871500.0
2022-10,lump,1,115500.0
2022-11,arrears,2,619500.0
2022-11,lump,1,52500.0
2022-12,arrears,9,6002095.05
2022-12,lump,4,462000.0
2022-12,prepaid,4,2093942.1999999997
2022-12,retro,2,26168.099999999984
2022-12,spike,3,604317.0
2023-01,arrears,2,177088.17
2023-01,lump,5,1788843.0
2023-01,spike,3,981145.2
2023-02,arrears,4,425495.91000000003
2023-02,retro,1,5723.759999999995
2023-03,arrears,5,1083600.0
2023-03,lump,1,105362.67
2023-03,prepaid,1,238700.0
2023-03,retro,14,87182.33999999997
2023-04,arrears,4,2337300.0
2023-04,prepaid,1,225225.0
2023-04,retro,42,283069.71
2023-04,spike,2,322350.0
2023-05,arrears,12,1768641.84
2023-05,lump,2,227119.19999999998
2023-05,retro,7,57105.71999999998
2023-05,spike,1,73500.0
2023-06,arrears,6,630769.86
2023-06,prepaid,1,285148.325
2023-06,retro,1,9343.529999999992
2023-06,spike,2,210420.0
2023-07,arrears,9,2097699.8699999996
2023-07,lump,3,168000.0
2023-08,arrears,8,604436.28
2023-08,lump,4,422100.0
2023-08,retro,1,6299.999999999985
2023-08,spike,2,126000.0
2023-09,arrears,15,1004194.5900000001
2023-09,lump,2,163223.76
2023-10,arrears,3,427501.2
2023-10,lump,5,381477.17999999993
2023-10,spike,1,100265.86499999999
2023-11,arrears,5,726600.0
2023-11,lump,5,220259.13
2023-11,prepaid,1,385000.0
2023-11,spike,5,412545.0
2023-12,arrears,2,12600.0
2023-12,lump,1,88579.05
2023-12,prepaid,2,1476502.3636363638
2023-12,spike,1,18952.5
2024-01,arrears,5,331333.58999999997
2024-01,lump,2,37800.0
2024-02,arrears,8,700453.74
2024-02,lump,3,18900.0
2024-03,arrears,15,1164975.0
2024-03,lump,1,6300.0
2024-03,spike,2,97363.66500000001
2024-04,arrears,28,2573515.98
2024-04,lump,2,58800.0
2024-04,prepaid,1,211850.81999999998
2024-04,spike,2,291258.975
2024-05,arrears,15,1262430.75
2024-05,lump,3,559314.0
2024-05,retro,27,96496.26000000002
2024-06,arrears,16,3101765.94
2024-06,lump,1,6300.0
2024-06,prepaid_pending,1,467250.0
2024-06,retro,20,35746.40999999994
2024-06,spike,3,134400.0
2024-07,arrears,10,524712.09
2024-07,lump,5,186900.0
2024-07,prepaid_pending,1,432047.0
2024-07,retro,36,127119.51
2024-07,spike,2,168000.0
2024-08,arrears,7,587234.76
2024-08,lump,2,482521.2
2024-08,retro,46,89216.60999999994
2024-09,arrears,9,520354.38
2024-09,lump,3,584617.95
2024-09,retro,46,99223.31999999993
2024-09,spike,2,245266.97999999998
2024-10,arrears,6,529200.0
2024-10,prepaid_pending,7,3755180.1
2024-10,spike,2,295169.49
