month,uplift_conf,events,amount_cop
2022-03,high,1,32477.76000000001
2022-05,high,1,2436.0
2022-07,high,1,2519.9999999999854
2022-12,high,2,13084.050000000003
2022-12,medium,2,8610.0
2023-01,medium,4,28767.059999999998
2023-02,high,1,5723.760000000009
2023-02,medium,6,42782.669999999984
2023-03,high,14,43591.17
2023-03,medium,1,2289.6300000000047
2023-04,high,42,102981.48000000001
2023-04,medium,6,24859.59000000001
2023-05,high,7,17778.390000000007
2023-05,medium,44,144356.1
2023-06,high,1,3114.510000000002
2023-06,medium,7,23179.380000000012
2023-07,medium,12,33158.16000000002
2023-08,high,1,6300.000000000015
2023-08,medium,23,56406.21000000001
2023-09,medium,19,43982.19
2023-10,medium,22,53264.39999999998
2023-11,medium,18,45986.009999999995
2023-12,medium,25,59166.73636363642
2024-01,medium,27,58275.42000000003
2024-02,medium,18,44986.19999999998
2024-03,medium,2,7915.320000000003
2024-04,medium,3,2350.9500000000025
2024-05,high,27,59902.289999999964
2024-05,medium,1,708.75
2024-06,high,20,34096.230000000025
2024-06,medium,6,15765.540000000012
2024-07,high,36,71530.62000000002
2024-07,medium,8,9223.199999999983
2024-08,high,46,78683.64000000004
2024-08,medium,13,18767.070000000007
2024-09,high,46,95451.09
2024-09,medium,12,29640.870000000014
2024-10,medium,94,374499.09
