cohort,age,n,start_sum,mrr_sum,gross_sum,active,model,nrr,grr,logo_retention
2022Q1,0,138,13927519.2,13927519.2,13927519.200000001,138,Modelo actual (caja),1.0,1.0000000000000002,1.0
2022Q1,1,138,13927519.2,8674549.38,7983398.640000001,123,Modelo actual (caja),0.6228352124619582,0.5732103848042084,0.8913043478260869
2022Q1,2,138,13927519.2,8826575.1,8401044.96,131,Modelo actual (caja),0.633750704145502,0.6031975141703629,0.9492753623188406
2022Q1,3,138,13927519.2,8795105.55,8501045.07,132,Modelo actual (caja),0.6314911811430137,0.6103775516604566,0.9565217391304348
2022Q1,4,138,13927519.2,7480030.95,7170020.55,121,Modelo actual (caja),0.5370684357053337,0.5148095972468665,0.8768115942028986
2022Q1,5,138,13927519.2,9231611.97,8279351.85,131,Modelo actual (caja),0.6628324712702605,0.5944599128608633,0.9492753623188406
2022Q1,6,138,13927519.2,8255446.08,7746485.67,130,Modelo actual (caja),0.5927434715006532,0.5561999634507774,0.9420289855072463
2022Q1,7,138,13927519.2,7832820.66,7574085.539999999,129,Modelo actual (caja),0.5623988412810804,0.5438215831000254,0.9347826086956522
2022Q1,8,138,13927519.2,7988800.26,7566439.859999999,129,Modelo actual (caja),0.573598222718659,0.5432726210135111,0.9347826086956522
2022Q1,9,138,13927519.2,7431795.84,7309735.4399999995,127,Modelo actual (caja),0.5336051405335704,0.5248411676933822,0.9202898550724637
2022Q1,10,138,13927519.2,10771553.52,8431858.89,130,Modelo actual (caja),0.7734007302607058,0.6054099634628399,0.9420289855072463
2022Q1,11,138,13927519.2,9618713.37,7565826.66,125,Modelo actual (caja),0.6906264663415435,0.5432285930720526,0.9057971014492754
2022Q1,12,138,13927519.2,8403009.51,8067848.67,127,Modelo actual (caja),0.6033385694417136,0.5792739219487129,0.9202898550724637
2022Q1,13,138,13927519.2,8799506.31,7844838.75,124,Modelo actual (caja),0.6318071570132893,0.563261743699481,0.8985507246376812
2022Q1,14,138,13927519.2,7967526.21,7504882.77,119,Modelo actual (caja),0.5720707396332292,0.5388528037354994,0.8623188405797102
2022Q1,15,138,13927519.2,7396991.28,7117747.7700000005,117,Modelo actual (caja),0.5311061628261837,0.5110563961742736,0.8478260869565217
2022Q1,16,138,13927519.2,7855171.38,7234485.93,114,Modelo actual (caja),0.5640036295911192,0.5194382306075012,0.8260869565217391
2022Q1,17,138,13927519.2,7395244.08,7061558.279999999,116,Modelo actual (caja),0.5309807133491513,0.5070219741646452,0.8405797101449275
2022Q1,18,138,13927519.2,7932327.48,7566764.73,116,Modelo actual (caja),0.5695434604031995,0.543295946775647,0.8405797101449275
2022Q1,19,138,13927519.2,7740367.74,7302621.9,117,Modelo actual (caja),0.5557606942663558,0.5243304134163391,0.8478260869565217
2022Q1,20,138,13927519.2,7607979.75,7289118.899999999,115,Modelo actual (caja),0.5462551974080209,0.523360894020523,0.8333333333333334
2022Q1,21,138,13927519.2,7378727.37,7114668.119999999,112,Modelo actual (caja),0.5297948086835164,0.5108352763929415,0.8115942028985508
2022Q1,22,138,13927519.2,7032556.44,6650968.59,111,Modelo actual (caja),0.504939633470403,0.477541512920693,0.8043478260869565
2022Q1,23,138,13927519.2,7753211.97,7350158.129999999,108,Modelo actual (caja),0.5566829137812281,0.5277435287972893,0.782608695652174
2022Q1,24,138,13927519.2,7235497.5,6861983.73,108,Modelo actual (caja),0.5195108616328455,0.49269246241642234,0.782608695652174
2022Q2,0,90,12543503.07,12543503.07,12543503.07,90,Modelo actual (caja),1.0,1.0,1.0
2022Q2,1,90,12543503.07,4127495.4,4047695.3999999994,80,Modelo actual (caja),0.3290544417270191,0.322692582559395,0.8888888888888888
2022Q2,2,90,12543503.07,4729845.33,4234245.33,79,Modelo actual (caja),0.3770753117055681,0.33756481792769233,0.8777777777777778
2022Q2,3,90,12543503.07,4081995.33,4081995.33,81,Modelo actual (caja),0.3254270603052517,0.3254270603052517,0.9
2022Q2,4,90,12543503.07,4291995.33,4291995.33,82,Modelo actual (caja),0.34216879495689395,0.34216879495689395,0.9111111111111111
2022Q2,5,90,12543503.07,4218495.33,4218495.33,83,Modelo actual (caja),0.3363091878288192,0.3363091878288192,0.9222222222222223
2022Q2,6,90,12543503.07,4194440.46,4188140.46,83,Modelo actual (caja),0.3343914723496775,0.33388922031012824,0.9222222222222223
2022Q2,7,90,12543503.07,4131960.42,4125660.42,83,Modelo actual (caja),0.3294104044891823,0.328908152449633,0.9222222222222223
2022Q2,8,90,12543503.07,4247154.87,4240854.869999999,83,Modelo actual (caja),0.3385939993236674,0.33809174728411806,0.9222222222222223
2022Q2,9,90,12543503.07,4107504.87,4101204.8699999996,81,Modelo actual (caja),0.3274607457803253,0.326958493740776,0.9
2022Q2,10,90,12543503.07,4086919.41,4025604.8699999996,79,Modelo actual (caja),0.3258196204993634,0.32093146926618477,0.8777777777777778
2022Q2,11,90,12543503.07,4081319.34,3906473.55,75,Modelo actual (caja),0.32537316866140803,0.3114340171321854,0.8333333333333334
2022Q2,12,90,12543503.07,6254918.46,6091106.489999999,78,Modelo actual (caja),0.49865802440466095,0.4855985170975048,0.8666666666666667
2022Q2,13,90,12543503.07,4312029.75,3893456.4899999998,76,Modelo actual (caja),0.34376598992612994,0.3103962639680687,0.8444444444444444
2022Q2,14,90,12543503.07,4177293.75,3999506.4899999998,75,Modelo actual (caja),0.3330244929736363,0.318850839967148,0.8333333333333334
2022Q2,15,90,12543503.07,4023643.68,3796506.42,73,Modelo actual (caja),0.32077511820627314,0.30266715755664897,0.8111111111111111
2022Q2,16,90,12543503.07,3988293.75,3842006.4899999998,73,Modelo actual (caja),0.3179569317871582,0.3062945389784163,0.8111111111111111
2022Q2,17,90,12543503.07,4190891.25,3973665.9899999998,73,Modelo actual (caja),0.3341085202923301,0.3167907695182634,0.8111111111111111
2022Q2,18,90,12543503.07,3908173.29,3765881.4899999998,73,Modelo actual (caja),0.31156952473245575,0.300225660167196,0.8111111111111111
2022Q2,19,90,12543503.07,4138983.66,3992681.4899999998,74,Modelo actual (caja),0.32997031506287183,0.3183067335909696,0.8222222222222222
2022Q2,20,90,12543503.07,3722496.75,3576211.17,71,Modelo actual (caja),0.29676691823857465,0.28510465936370993,0.7888888888888889
2022Q2,21,90,12543503.07,3514381.29,3349720.9200000004,68,Modelo actual (caja),0.2801754239136962,0.2670482799985475,0.7555555555555555
2022Q2,22,90,12543503.07,3783609.9,3436870.9200000004,69,Modelo actual (caja),0.3016390141482223,0.27399609987897905,0.7666666666666667
2022Q2,23,90,12543503.07,3691672.95,3474670.9200000004,70,Modelo actual (caja),0.2943095664264066,0.2770096121162747,0.7777777777777778
2022Q2,24,90,12543503.07,3675946.68,3461271.2399999998,68,Modelo actual (caja),0.2930558281435491,0.27594135551162263,0.7555555555555555
2022Q3,0,75,9384809.07,9384809.07,9384809.07,75,Modelo actual (caja),1.0,1.0,1.0
2022Q3,1,75,9384809.07,4380848.43,3621925.23,71,Modelo actual (caja),0.4668020838062718,0.3859348872187551,0.9466666666666667
2022Q3,2,75,9384809.07,4026015.63,3848725.23,67,Modelo actual (caja),0.4289928116779471,0.4101016015662,0.8933333333333333
2022Q3,3,75,9384809.07,3557261.4,3495471.0,66,Modelo actual (caja),0.3790446213094882,0.372460534245051,0.88
2022Q3,4,75,9384809.07,3846886.47,3785096.0700000003,67,Modelo actual (caja),0.40990567216728685,0.40332158510284966,0.8933333333333333
2022Q3,5,75,9384809.07,4683029.4,4020471.0,67,Modelo actual (caja),0.4990010308222499,0.42840200264191414,0.8933333333333333
2022Q3,6,75,9384809.07,3751671.0,3703371.0,65,Modelo actual (caja),0.3997599708227202,0.3946133557302088,0.8666666666666667
2022Q3,7,75,9384809.07,3691241.4,3610551.0,64,Modelo actual (caja),0.39332088404436766,0.38472290411764337,0.8533333333333334
2022Q3,8,75,9384809.07,3583153.56,3358971.0,63,Modelo actual (caja),0.38180356502447205,0.3579157524618665,0.84
2022Q3,9,75,9384809.07,3425705.2199999997,3329015.55,62,Modelo actual (caja),0.3650266291459033,0.3547238441580783,0.8266666666666667
2022Q3,10,75,9384809.07,3351031.11,3267519.5700000003,62,Modelo actual (caja),0.3570697160704197,0.3481711290691181,0.8266666666666667
2022Q3,11,75,9384809.07,3660937.56,3205412.49,60,Modelo actual (caja),0.39009185298215127,0.34155329811094387,0.8
2022Q3,12,75,9384809.07,4655675.01,4434006.99,62,Modelo actual (caja),0.49608627892948703,0.4724664036239152,0.8266666666666667
2022Q3,13,75,9384809.07,3454507.35,3270445.08,61,Modelo actual (caja),0.36809564523191735,0.34848285730761275,0.8133333333333334
2022Q3,14,75,9384809.07,3685087.56,3564096.9000000004,61,Modelo actual (caja),0.392665160528407,0.3797729792280154,0.8133333333333334
2022Q3,15,75,9384809.07,3585153.18,3375962.52,61,Modelo actual (caja),0.38201663488930204,0.3597262868982373,0.8133333333333334
2022Q3,16,75,9384809.07,3387447.42,3264662.52,58,Modelo actual (caja),0.3609500624608871,0.34786669559810235,0.7733333333333333
2022Q3,17,75,9384809.07,3437763.42,3279068.52,60,Modelo actual (caja),0.36631149279204245,0.34940172949091225,0.8
2022Q3,18,75,9384809.07,3232028.1,3176805.87,57,Modelo actual (caja),0.3443893291693786,0.3385051146277609,0.76
2022Q3,19,75,9384809.07,3380823.39,3159662.52,57,Modelo actual (caja),0.3602442377658302,0.3366784019187297,0.76
2022Q3,20,75,9384809.07,3298197.42,3159662.52,57,Modelo actual (caja),0.35144001283342036,0.3366784019187297,0.76
2022Q3,21,75,9384809.07,3281840.73,3114512.52,56,Modelo actual (caja),0.34969712282063503,0.3318674356365995,0.7466666666666667
2022Q3,22,75,9384809.07,3275842.5,3108212.52,55,Modelo actual (caja),0.34905798035590724,0.33119613801583714,0.7333333333333333
2022Q3,23,75,9384809.07,3326043.21,3139109.4,55,Modelo actual (caja),0.35440712594060264,0.3344883605607546,0.7333333333333333
2022Q3,24,75,9384809.07,3044658.12,2873707.41,53,Modelo actual (caja),0.32442408761758645,0.3062084043016125,0.7066666666666667
2022Q4,0,77,10296216.0,10296216.0,10296216.0,77,Modelo actual (caja),1.0,1.0,1.0
2022Q4,1,77,10296216.0,4505235.0,4498515.0,71,Modelo actual (caja),0.43756220731965995,0.43690954035929314,0.922077922077922
2022Q4,2,77,10296216.0,4314240.0,4314240.0,69,Modelo actual (caja),0.41901218855548483,0.41901218855548483,0.8961038961038961
2022Q4,3,77,10296216.0,4440240.0,4377240.0,70,Modelo actual (caja),0.43124969406236235,0.4251309413089236,0.9090909090909091
2022Q4,4,77,10296216.0,4323795.0,4202520.0,68,Modelo actual (caja),0.4199401993897564,0.4081616003393868,0.8831168831168831
2022Q4,5,77,10296216.0,4598265.0,4392990.0,71,Modelo actual (caja),0.44659756555223784,0.4266606294972833,0.922077922077922
2022Q4,6,77,10296216.0,4484865.0,4290090.0,70,Modelo actual (caja),0.4355838105960481,0.4166666666666667,0.9090909090909091
2022Q4,7,77,10296216.0,4457565.0,4233390.0,68,Modelo actual (caja),0.43293235106955796,0.4111597891885718,0.8831168831168831
2022Q4,8,77,10296216.0,4353195.0,4226670.0,68,Modelo actual (caja),0.4227956173413611,0.410507122228205,0.8831168831168831
2022Q4,9,77,10296216.0,4273429.44,4109070.0,66,Modelo actual (caja),0.41504854210517733,0.399085450421786,0.8571428571428571
2022Q4,10,77,10296216.0,4591013.28,4252512.18,69,Modelo actual (caja),0.445893256318632,0.4130169938159805,0.8961038961038961
2022Q4,11,77,10296216.0,4365051.81,4186362.1799999997,68,Modelo actual (caja),0.4239471870054008,0.40659230342486985,0.8831168831168831
2022Q4,12,77,10296216.0,5262288.57,5026649.46,70,Modelo actual (caja),0.5110895663028049,0.4882035749832754,0.9090909090909091
2022Q4,13,77,10296216.0,4515257.46,4269225.029999999,68,Modelo actual (caja),0.438535619299362,0.41464019694225523,0.8831168831168831
2022Q4,14,77,10296216.0,4563339.48,4292727.18,67,Modelo actual (caja),0.4432054921924715,0.4169227976569256,0.8701298701298701
2022Q4,15,77,10296216.0,4540490.85,4208325.029999999,67,Modelo actual (caja),0.4409863633396968,0.4087254026139311,0.8701298701298701
2022Q4,16,77,10296216.0,4492591.32,4341675.029999999,67,Modelo actual (caja),0.4363342144337299,0.4216767626087098,0.8701298701298701
2022Q4,17,77,10296216.0,4383545.04,4208204.49,67,Modelo actual (caja),0.42574330608448774,0.4087136954003296,0.8701298701298701
2022Q4,18,77,10296216.0,4368887.88,4166204.49,66,Modelo actual (caja),0.4243197578605577,0.40463452689803714,0.8571428571428571
2022Q4,19,77,10296216.0,4676474.46,4468656.569999999,67,Modelo actual (caja),0.45419350759541177,0.43400959828348584,0.8701298701298701
2022Q4,20,77,10296216.0,4681936.9799999995,4468082.22,67,Modelo actual (caja),0.45472404425081986,0.43395381565421703,0.8701298701298701
2022Q4,21,77,10296216.0,4643408.49,4409837.25,66,Modelo actual (caja),0.45098203942108445,0.42829688596276533,0.8571428571428571
2022Q4,22,77,10296216.0,4239492.6,4028637.48,65,Modelo actual (caja),0.4117524923719549,0.3912735979897858,0.8441558441558441
2022Q4,23,51,3726975.0,3208076.97,2851552.83,47,Modelo actual (caja),0.8607723341315678,0.7651118749119594,0.9215686274509803
2022Q4,24,32,2252250.0,1897226.31,1783902.54,31,Modelo actual (caja),0.8423693240093241,0.7920535198135198,0.96875
2023Q1,0,128,7018221.0,7018221.0,7018221.0,128,Modelo actual (caja),1.0,1.0,1.0
2023Q1,1,128,7018221.0,5662696.2,5542996.2,126,Modelo actual (caja),0.8068563529133665,0.7898007486512608,0.984375
2023Q1,2,128,7018221.0,5472016.2,5390116.2,122,Modelo actual (caja),0.7796870745449594,0.7680174505761503,0.953125
2023Q1,3,128,7018221.0,5071815.0,4983615.0,119,Modelo actual (caja),0.7226639058530645,0.7100966185020392,0.9296875
2023Q1,4,128,7018221.0,5542097.4,5460197.4,121,Modelo actual (caja),0.7896726820087313,0.7780030580399221,0.9453125
2023Q1,5,128,7018221.0,5555085.9,4976265.0,118,Modelo actual (caja),0.7915233646817335,0.7090493445561205,0.921875
2023Q1,6,128,7018221.0,5619167.4,5467967.4,121,Modelo actual (caja),0.8006540973845082,0.779110176211322,0.9453125
2023Q1,7,128,7018221.0,5585183.94,5225266.2,121,Modelo actual (caja),0.7958119215681582,0.7445285920748292,0.9453125
2023Q1,8,128,7018221.0,5077947.0,4863075.0,117,Modelo actual (caja),0.7235376315450881,0.6929213257889713,0.9140625
2023Q1,9,128,7018221.0,5740671.72,5293621.62,117,Modelo actual (caja),0.8179667924392805,0.7542682996160993,0.9140625
2023Q1,10,128,7018221.0,5088056.82,4770360.42,113,Modelo actual (caja),0.7249781418966431,0.67971077285825,0.8828125
2023Q1,11,128,7018221.0,5283685.05,4968904.92,112,Modelo actual (caja),0.7528524750075553,0.7080006343487901,0.875
2023Q1,12,128,7018221.0,5196441.18,4814571.72,109,Modelo actual (caja),0.7404214230358377,0.6860102752535151,0.8515625
2023Q1,13,128,7018221.0,5117480.76,4777560.9,110,Modelo actual (caja),0.7291706488011706,0.6807367422598976,0.859375
2023Q1,14,128,7018221.0,5035001.58,4707681.72,107,Modelo actual (caja),0.7174184996454229,0.6707799198685821,0.8359375
2023Q1,15,128,7018221.0,5151304.83,4787481.72,109,Modelo actual (caja),0.7339901137339505,0.6821503227099859,0.8515625
2023Q1,16,128,7018221.0,5656070.7,5077071.72,112,Modelo actual (caja),0.8059123102564026,0.7234129161791856,0.875
2023Q1,17,128,7018221.0,4899564.81,4481570.52,106,Modelo actual (caja),0.6981206220208795,0.6385621826385917,0.828125
2023Q1,18,128,7018221.0,5118475.11,4717971.72,108,Modelo actual (caja),0.7293123300049971,0.6722461033928683,0.84375
2023Q1,19,128,7018221.0,5685242.64,5171679.66,108,Modelo actual (caja),0.8100689106256415,0.7368932468783757,0.84375
2023Q1,20,90,5335071.0,3831040.71,3347691.48,70,Modelo actual (caja),0.7180861716741914,0.627487709160759,0.7777777777777778
2023Q1,21,60,3693081.0,2999292.0300000003,2719024.14,47,Modelo actual (caja),0.8121381659378715,0.7362481732732101,0.7833333333333333
2023Q2,0,144,7061459.58,7061459.58,7061459.58,144,Modelo actual (caja),1.0,1.0,1.0
2023Q2,1,144,7061459.58,6537955.41,6385259.58,138,Modelo actual (caja),0.9258645944129301,0.9042407603783239,0.9583333333333334
2023Q2,2,144,7061459.58,6566279.58,6467159.58,141,Modelo actual (caja),0.9298756872584124,0.9158389291523779,0.9791666666666666
2023Q2,3,144,7061459.58,6486059.58,6315959.58,140,Modelo actual (caja),0.918515429638698,0.8944269252618168,0.9722222222222222
2023Q2,4,144,7061459.58,6278159.58,6246659.58,138,Modelo actual (caja),0.8890739242891765,0.8846130901453096,0.9583333333333334
2023Q2,5,144,7061459.58,6234967.41,6196259.58,138,Modelo actual (caja),0.8829573177277891,0.8774757555151226,0.9583333333333334
2023Q2,6,144,7061459.58,6327541.29,6202559.58,138,Modelo actual (caja),0.8960670550209394,0.8783679223438959,0.9583333333333334
2023Q2,7,144,7061459.58,6173075.79,6004363.26,134,Modelo actual (caja),0.8741926113241308,0.8503005918218397,0.9305555555555556
2023Q2,8,144,7061459.58,6442379.37,6255899.58,136,Modelo actual (caja),0.9123297098869749,0.8859216014941772,0.9444444444444444
2023Q2,9,144,7061459.58,5971760.55,5733759.78,129,Modelo actual (caja),0.8456835987440432,0.8119794095033254,0.8958333333333334
2023Q2,10,144,7061459.58,5792403.96,5591249.58,124,Modelo actual (caja),0.8202842336456453,0.7917980010585857,0.8611111111111112
2023Q2,11,144,7061459.58,6028838.76,5620649.58,126,Modelo actual (caja),0.8537666599516243,0.7959614462595281,0.875
2023Q2,12,144,7061459.58,5910140.67,5679974.58,129,Modelo actual (caja),0.8369573744695994,0.8043626838971442,0.8958333333333334
2023Q2,13,144,7061459.58,6286680.75,5808074.58,129,Modelo actual (caja),0.890280639402881,0.8225034094155361,0.8958333333333334
2023Q2,14,144,7061459.58,6299156.22,5757499.4399999995,126,Modelo actual (caja),0.8920473378961123,0.8153412725475091,0.875
2023Q2,15,144,7061459.58,5782206.36,5457899.58,124,Modelo actual (caja),0.8188401129388041,0.7729138031828825,0.8611111111111112
2023Q2,16,144,7061459.58,5741915.34,5411174.58,123,Modelo actual (caja),0.8131343492020667,0.7662968992028133,0.8541666666666666
2023Q2,17,98,4882919.58,3796835.91,3693086.46,85,Modelo actual (caja),0.7775749421619597,0.756327520757571,0.8673469387755102
2023Q2,18,51,2886870.0,2096777.34,2019045.0,41,Modelo actual (caja),0.726315123299629,0.699388957590747,0.803921568627451
2023Q3,0,187,7779280.32,7779280.32,7779280.32,187,Modelo actual (caja),1.0,1.0,1.0
2023Q3,1,187,7779280.32,7212980.25,7153480.32,182,Modelo actual (caja),0.9272040540120297,0.9195555405824481,0.9732620320855615
2023Q3,2,187,7779280.32,7130380.32,7042180.32,180,Modelo actual (caja),0.916586114228109,0.9052483045115413,0.9625668449197861
2023Q3,3,187,7779280.32,6976135.32,6932980.32,178,Modelo actual (caja),0.8967584446166352,0.8912110162910288,0.9518716577540107
2023Q3,4,187,7779280.32,7625896.32,7085545.32,180,Modelo actual (caja),0.980283009007188,0.9108227276221871,0.9625668449197861
2023Q3,5,187,7779280.32,6960287.67,6910090.32,178,Modelo actual (caja),0.8947212831636333,0.8882685847217291,0.9518716577540107
2023Q3,6,187,7779280.32,6991827.36,6777790.32,174,Modelo actual (caja),0.8987756029339228,0.8712618701468775,0.93048128342246
2023Q3,7,187,7779280.32,6978597.36,6798160.32,176,Modelo actual (caja),0.8970749314764377,0.8738803642957039,0.9411764705882353
2023Q3,8,187,7779280.32,7229877.06,6929410.32,178,Modelo actual (caja),0.9293760814110886,0.8907521049453583,0.9518716577540107
2023Q3,9,187,7779280.32,7016995.65,6893080.32,177,Modelo actual (caja),0.9020109009261155,0.8860820071335339,0.946524064171123
2023Q3,10,187,7779280.32,7037169.93,6721713.390000001,175,Modelo actual (caja),0.904604235935285,0.864053371713439,0.9358288770053476
2023Q3,11,187,7779280.32,6688613.82,6471302.88,170,Modelo actual (caja),0.8597985346798764,0.8318639531940661,0.9090909090909091
2023Q3,12,187,7779280.32,6669550.23,6457948.35,169,Modelo actual (caja),0.8573479750887805,0.8301472738290525,0.9037433155080213
2023Q3,13,187,7779280.32,6530475.21,6348748.35,169,Modelo actual (caja),0.8394703547589862,0.8161099856085401,0.9037433155080213
2023Q3,14,131,5525730.0,4736472.72,4472694.029999999,118,Modelo actual (caja),0.857166875688823,0.8094304336259642,0.9007633587786259
2023Q3,15,65,2532600.0,2350993.47,1992316.4100000001,57,Modelo actual (caja),0.9282924543946933,0.7866684079601991,0.8769230769230769
2023Q4,0,191,9305086.35,9305086.35,9305086.35,191,Modelo actual (caja),1.0,1.0,1.0
2023Q4,1,191,9305086.35,7455756.42,7337806.35,184,Modelo actual (caja),0.8012560162861896,0.7885801457393246,0.9633507853403142
2023Q4,2,191,9305086.35,7386456.42,7179256.35,183,Modelo actual (caja),0.7938084765865714,0.7715410776386831,0.9581151832460733
2023Q4,3,191,9305086.35,7564956.42,7347256.35,186,Modelo actual (caja),0.8129915333886182,0.789595719334727,0.9738219895287958
2023Q4,4,191,9305086.35,7416714.69,7168774.619999999,186,Modelo actual (caja),0.7970602755341438,0.7704146259749647,0.9738219895287958
2023Q4,5,191,9305086.35,7376604.69,7249554.6899999995,182,Modelo actual (caja),0.7927497298292133,0.7790959070465799,0.9528795811518325
2023Q4,6,191,9305086.35,7272024.69,7083514.619999999,182,Modelo actual (caja),0.7815107153734259,0.7612518953142223,0.9528795811518325
2023Q4,7,191,9305086.35,7782620.37,7283310.3,180,Modelo actual (caja),0.8363834656945446,0.7827235584976597,0.9424083769633508
2023Q4,8,191,9305086.35,7382414.76,7171053.33,183,Modelo actual (caja),0.7933741270439688,0.7706595146212695,0.9581151832460733
2023Q4,9,191,9305086.35,7381145.9399999995,7107077.46,179,Modelo actual (caja),0.7932377693625594,0.7637841490853011,0.93717277486911
2023Q4,10,191,9305086.35,8271429.39,7857527.58,178,Modelo actual (caja),0.888914844943916,0.8444336016290703,0.9319371727748691
2023Q4,11,136,6240136.35,4873153.53,4740709.68,124,Modelo actual (caja),0.7809370271212104,0.7597125149356713,0.9117647058823529
2023Q4,12,64,2961945.0,2641550.31,2476818.33,59,Modelo actual (caja),0.891829628841859,0.8362134779680244,0.921875
2024Q1,0,132,6308647.17,6308647.17,6308647.17,132,Modelo actual (caja),1.0,1.0,1.0
2024Q1,1,132,6308647.17,6083493.99,5519986.29,126,Modelo actual (caja),0.9643103863740093,0.8749873215686589,0.9545454545454546
2024Q1,2,132,6308647.17,5292094.29,5292094.29,125,Modelo actual (caja),0.8388635704919285,0.8388635704919285,0.946969696969697
2024Q1,3,132,6308647.17,5347723.29,5310973.29,127,Modelo actual (caja),0.8476814673406439,0.841856129671617,0.9621212121212122
2024Q1,4,132,6308647.17,5224894.29,5200744.29,125,Modelo actual (caja),0.8282115244685653,0.8243834454289192,0.946969696969697
2024Q1,5,132,6308647.17,5223677.13,5193312.390000001,126,Modelo actual (caja),0.8280185892849671,0.8232053957140228,0.9545454545454546
2024Q1,6,132,6308647.17,4998051.66,4948744.29,124,Modelo actual (caja),0.7922541117480184,0.7844382728413072,0.9393939393939394
2024Q1,7,132,6308647.17,5427035.04,5248553.3100000005,124,Modelo actual (caja),0.8602533782214992,0.8319617769969533,0.9393939393939394
2024Q1,8,89,3601253.88,3539613.63,3473253.0,85,Modelo actual (caja),0.9828836699510893,0.964456579773265,0.9550561797752809
2024Q1,9,57,2313787.98,2380922.88,2266425.0,54,Modelo actual (caja),1.0290151477059708,0.9795301123484962,0.9473684210526315
2024Q2,0,219,12803845.74,12803845.74,12803845.74,219,Modelo actual (caja),1.0,1.0,1.0
2024Q2,1,219,12803845.74,10320636.06,10005972.06,212,Modelo actual (caja),0.8060575134670437,0.7814817722101047,0.9680365296803652
2024Q2,2,219,12803845.74,9308562.06,9139932.059999999,208,Modelo actual (caja),0.7270129810233094,0.7138427192578781,0.9497716894977168
2024Q2,3,219,12803845.74,9205850.22,8867142.059999999,207,Modelo actual (caja),0.7189910287063487,0.6925374016572616,0.9452054794520548
2024Q2,4,219,12803845.74,8740406.85,8662728.69,205,Modelo actual (caja),0.6826391872790557,0.6765724037846772,0.9360730593607306
2024Q2,5,135,8174265.96,5997772.41,5506583.039999999,125,Modelo actual (caja),0.7337383490272441,0.6736486269159756,0.9259259259259259
2024Q2,6,69,4189594.29,2726265.99,2686061.91,62,Modelo actual (caja),0.6507231491381472,0.6411269741347676,0.8985507246376812
2024Q3,0,153,6852591.06,6852591.06,6852591.0600000005,153,Modelo actual (caja),1.0,1.0000000000000002,1.0
2024Q3,1,153,6852591.06,6051549.42,6049659.42,148,Modelo actual (caja),0.8831038313849127,0.8828280233024733,0.9673202614379085
2024Q3,2,104,4469691.87,4074997.08,3958342.08,101,Modelo actual (caja),0.9116953021640841,0.8855961876405588,0.9711538461538461
2024Q3,3,48,2378775.21,1986461.6099999999,1946175.21,46,Modelo actual (caja),0.8350774809024515,0.8181417066306151,0.9583333333333334
2024Q4,0,50,2201333.4,2201333.4,2201333.4,50,Modelo actual (caja),1.0,1.0,1.0
2022Q1,0,138,9204152.79,9204152.79,9204152.79,138,Corregido (N=2),1.0,1.0,1.0
2022Q1,1,138,9204152.79,9301729.71,8957603.969999999,138,Corregido (N=2),1.0106014015875546,0.9732133064688075,1.0
2022Q1,2,138,9204152.79,8613014.97,8327229.33,137,Corregido (N=2),0.9357748797214395,0.9047252387039091,0.9927536231884058
2022Q1,3,138,9204152.79,8769793.2,8442136.5,136,Corregido (N=2),0.9528083029573436,0.9172095132071358,0.9855072463768116
2022Q1,4,138,9204152.79,8437485.84,8103854.22,135,Corregido (N=2),0.9167042347631433,0.8804562902089764,0.9782608695652174
2022Q1,5,138,9204152.79,8515584.42,8141349.299999999,133,Corregido (N=2),0.9251893807382136,0.8845300035485395,0.9637681159420289
2022Q1,6,138,9204152.79,8595613.53,8026803.119999999,133,Corregido (N=2),0.93388427225359,0.8720849493851134,0.9637681159420289
2022Q1,7,138,9204152.79,8057488.11,7795602.989999999,133,Corregido (N=2),0.8754187695313129,0.8469658389927706,0.9637681159420289
2022Q1,8,138,9204152.79,7984567.71,7800557.31,133,Corregido (N=2),0.8674962152600251,0.8475041090664033,0.9637681159420289
2022Q1,9,138,9204152.79,7861738.29,7660927.89,131,Corregido (N=2),0.8541512151494827,0.8323338459052243,0.9492753623188406
2022Q1,10,138,9204152.79,9258302.97,8124129.09,131,Corregido (N=2),1.005883233496388,0.8826590861058491,0.9492753623188406
2022Q1,11,138,9204152.79,8956673.04,8075078.97,129,Corregido (N=2),0.9731121640800141,0.8773299568400581,0.9347826086956522
2022Q1,12,138,9204152.79,8400047.459999999,8035791.12,129,Corregido (N=2),0.912636681686376,0.873061465117204,0.9347826086956522
2022Q1,13,138,9204152.79,7977375.0,7648496.52,125,Corregido (N=2),0.8667147517006832,0.8309832196951177,0.9057971014492754
2022Q1,14,138,9204152.79,7848598.8,7459432.470000001,121,Corregido (N=2),0.8527236541017916,0.8104420515600764,0.8768115942028986
2022Q1,15,138,9204152.79,7614151.86,7201407.57,119,Corregido (N=2),0.8272517888091253,0.7824085208389941,0.8623188405797102
2022Q1,16,138,9204152.79,7800957.99,7265277.390000001,118,Corregido (N=2),0.847547641590161,0.7893477602733278,0.855072463768116
2022Q1,17,138,9204152.79,7654248.0,7288648.29,119,Corregido (N=2),0.8316080985005031,0.7918869293346444,0.8623188405797102
2022Q1,18,138,9204152.79,7661791.2,7259238.42,117,Corregido (N=2),0.832427641610239,0.7886916466539883,0.8478260869565217
2022Q1,19,138,9204152.79,7551367.74,7123183.2,117,Corregido (N=2),0.820430506999439,0.7739097082068322,0.8478260869565217
2022Q1,20,138,9204152.79,7593279.75,7092686.79,115,Corregido (N=2),0.8249841048108025,0.7705963766383761,0.8333333333333334
2022Q1,21,138,9204152.79,7451437.350000001,6941584.65,114,Corregido (N=2),0.8095734088742785,0.7541796413399176,0.8260869565217391
2022Q1,22,138,9204152.79,7477127.91,6913006.59,113,Corregido (N=2),0.8123646011313118,0.7510747319960559,0.8188405797101449
2022Q1,23,138,9204152.79,7452851.7,6857371.92,111,Corregido (N=2),0.8097270732073539,0.7450302136933562,0.8043478260869565
2022Q1,24,138,9204152.79,7253442.21,6738648.21,110,Corregido (N=2),0.7880619080857306,0.7321312850566011,0.7971014492753623
2022Q2,0,90,4779470.4,4779470.4,4779470.399999999,90,Corregido (N=2),1.0,0.9999999999999998,1.0
2022Q2,1,90,4779470.4,4789970.4,4710170.399999999,88,Corregido (N=2),1.0021968961247254,0.9855004855768118,0.9777777777777777
2022Q2,2,90,4779470.4,4679370.33,4647170.399999999,85,Corregido (N=2),0.9790562422983098,0.9723191088284592,0.9444444444444444
2022Q2,3,90,4779470.4,4574370.33,4558970.399999999,84,Corregido (N=2),0.9570872810510553,0.9538651813807654,0.9333333333333333
2022Q2,4,90,4779470.4,4574370.33,4558970.399999999,84,Corregido (N=2),0.9570872810510553,0.9538651813807654,0.9333333333333333
2022Q2,5,90,4779470.4,4605870.33,4590470.399999999,85,Corregido (N=2),0.9636779694252317,0.9604558697549417,0.9444444444444444
2022Q2,6,90,4779470.4,4564485.42,4534120.47,85,Corregido (N=2),0.9550190791013162,0.9486658751982227,0.9444444444444444
2022Q2,7,90,4779470.4,4279485.42,4249120.47,85,Corregido (N=2),0.8953890414301968,0.8890358375271032,0.9444444444444444
2022Q2,8,90,4779470.4,4349529.87,4242820.47,85,Corregido (N=2),0.9100443157886279,0.887717699852268,0.9444444444444444
2022Q2,9,90,4779470.4,4241379.87,4200820.47,84,Corregido (N=2),0.8874162857039558,0.8789301153533662,0.9333333333333333
2022Q2,10,90,4779470.4,4192047.51,4104220.4699999997,81,Corregido (N=2),0.8770945647032357,0.858718671005892,0.9
2022Q2,11,90,4779470.4,4288573.59,4083220.4699999997,80,Corregido (N=2),0.8972905429019917,0.8543248787564411,0.8888888888888888
2022Q2,12,90,4779470.4,4157931.75,3959845.4699999997,79,Corregido (N=2),0.8699565855664677,0.8285113492909172,0.8777777777777778
2022Q2,13,90,4779470.4,4246593.75,3922045.4699999997,77,Corregido (N=2),0.8885071764436494,0.8206025232419055,0.8555555555555555
2022Q2,14,90,4779470.4,4114293.75,3915745.4699999997,76,Corregido (N=2),0.8608262852721087,0.8192843855670703,0.8444444444444444
2022Q2,15,90,4779470.4,3984793.68,3786245.4,74,Corregido (N=2),0.8337312184211874,0.7921893187161488,0.8222222222222222
2022Q2,16,90,4779470.4,3904293.75,3705745.4699999997,73,Corregido (N=2),0.8168883627775997,0.7753464630725613,0.8111111111111111
2022Q2,17,90,4779470.4,4222391.25,3952904.9699999997,74,Corregido (N=2),0.8834433308761572,0.8270592009524736,0.8222222222222222
2022Q2,18,90,4779470.4,4214132.79,4019579.9699999997,75,Corregido (N=2),0.8817154281361382,0.8410094913444802,0.8333333333333334
2022Q2,19,90,4779470.4,4132683.66,3940420.4699999997,74,Corregido (N=2),0.8646739730828754,0.824447091460175,0.8222222222222222
2022Q2,20,90,4779470.4,4092286.38,3868273.29,74,Corregido (N=2),0.8562217228084517,0.8093518666838065,0.8222222222222222
2022Q2,21,90,4779470.4,3884170.92,3645983.04,71,Corregido (N=2),0.8126780992304083,0.7628424772753064,0.7888888888888889
2022Q2,22,90,4779470.4,4010170.92,3708983.04,71,Corregido (N=2),0.8390408527271138,0.7760238540236591,0.7888888888888889
2022Q2,23,90,4779470.4,4026143.73,3746783.04,72,Corregido (N=2),0.8423828150499686,0.7839326800726708,0.8
2022Q2,24,90,4779470.4,3925106.0100000002,3626718.06,69,Corregido (N=2),0.8212428745243406,0.7588117001415051,0.7666666666666667
2022Q3,0,75,4871600.23,4871600.23,4871600.23,75,Corregido (N=2),1.0,1.0,1.0
2022Q3,1,75,4871600.23,4836723.43,4077800.23,74,Corregido (N=2),0.9928407918644012,0.8370555951796561,0.9866666666666667
2022Q3,2,75,4871600.23,4118590.63,4056800.23,72,Corregido (N=2),0.8454286960241808,0.8327448966394354,0.96
2022Q3,3,75,4871600.23,4017336.4,3955546.0,71,Corregido (N=2),0.8246441026216963,0.8119603032369509,0.9466666666666667
2022Q3,4,75,4871600.23,4002461.47,3940671.0700000003,71,Corregido (N=2),0.8215907055247018,0.8089069061399564,0.9466666666666667
2022Q3,5,75,4871600.23,4544436.4,4470046.0,71,Corregido (N=2),0.9328426359812368,0.9175724174723588,0.9466666666666667
2022Q3,6,75,4871600.23,4013136.4,3903046.0,70,Corregido (N=2),0.8237819629136522,0.8011835568863991,0.9333333333333333
2022Q3,7,75,4871600.23,3899316.4,3818626.0,69,Corregido (N=2),0.8004179768256559,0.7838545487547117,0.92
2022Q3,8,75,4871600.23,3622428.67,3525046.0,68,Corregido (N=2),0.7435808561820352,0.7235909831624258,0.9066666666666666
2022Q3,9,75,4871600.23,3564480.2199999997,3436846.0,65,Corregido (N=2),0.7316856990952231,0.7054860492934987,0.8666666666666667
2022Q3,10,75,4871600.23,3569606.11,3436846.0,66,Corregido (N=2),0.7327378975019055,0.7054860492934987,0.88
2022Q3,11,75,4871600.23,3566728.69,3426346.0,65,Corregido (N=2),0.7321472455879245,0.7033307000233884,0.8666666666666667
2022Q3,12,75,4871600.23,3632029.8,3488929.5,64,Corregido (N=2),0.745551693185629,0.7161773001230028,0.8533333333333334
2022Q3,13,75,4871600.23,3672733.2600000002,3430129.5,63,Corregido (N=2),0.7539069477381973,0.7041073442103848,0.84
2022Q3,14,75,4871600.23,3525661.65,3398629.5,62,Corregido (N=2),0.7237173584746299,0.6976412964000537,0.8266666666666667
2022Q3,15,75,4871600.23,3496953.18,3337729.5,61,Corregido (N=2),0.7178243318212504,0.6851402706334135,0.8133333333333334
2022Q3,16,75,4871600.23,3450447.42,3289429.5,59,Corregido (N=2),0.7082780312620192,0.6752256639909059,0.7866666666666666
2022Q3,17,75,4871600.23,3437763.42,3272335.5,60,Corregido (N=2),0.7056743693437258,0.6717167553791662,0.8
2022Q3,18,75,4871600.23,3232028.1,3170072.8499999996,57,Corregido (N=2),0.6634428006010665,0.6507251622327802,0.76
2022Q3,19,75,4871600.23,3380823.39,3152929.5,57,Corregido (N=2),0.6939862120008151,0.647206123479471,0.76
2022Q3,20,75,4871600.23,3298197.42,3152929.5,57,Corregido (N=2),0.6770254668454188,0.647206123479471,0.76
2022Q3,21,75,4871600.23,3306294.18,3123529.5,57,Corregido (N=2),0.6786874997745863,0.641171145523162,0.76
2022Q3,22,75,4871600.23,3306293.34,3117229.5,56,Corregido (N=2),0.6786873273466447,0.6398779359610959,0.7466666666666667
2022Q3,23,75,4871600.23,3241344.96,3033229.5,55,Corregido (N=2),0.6653552851154209,0.6226351418002128,0.7333333333333333
2022Q3,24,75,4871600.23,3225124.35,3029579.2800000003,54,Corregido (N=2),0.662025658455969,0.6218858561799517,0.72
2022Q4,0,77,4985073.8,4985073.8,4985073.8,77,Corregido (N=2),1.0,1.0,1.0
2022Q4,1,77,4985073.8,4765518.8,4758798.8,76,Corregido (N=2),0.9559575226348705,0.9546094984591803,0.987012987012987
2022Q4,2,77,4985073.8,4579773.8,4579773.8,74,Corregido (N=2),0.9186972919036825,0.9186972919036825,0.961038961038961
2022Q4,3,77,4985073.8,4579773.8,4579773.8,74,Corregido (N=2),0.9186972919036825,0.9186972919036825,0.961038961038961
2022Q4,4,77,4985073.8,4701048.8,4579773.8,74,Corregido (N=2),0.9430249156993423,0.9186972919036825,0.961038961038961
2022Q4,5,77,4985073.8,4716798.8,4595523.8,75,Corregido (N=2),0.9461843473611163,0.9218567235654566,0.974025974025974
2022Q4,6,77,4985073.8,4716798.8,4595523.8,75,Corregido (N=2),0.9461843473611163,0.9218567235654566,0.974025974025974
2022Q4,7,77,4985073.8,4632798.8,4511523.8,74,Corregido (N=2),0.9293340451649883,0.9050064213693285,0.961038961038961
2022Q4,8,77,4985073.8,4547328.8,4420803.8,73,Corregido (N=2),0.9121888626804281,0.8868080949975103,0.948051948051948
2022Q4,9,77,4985073.8,4538963.24,4368303.8,72,Corregido (N=2),0.9105107410847159,0.8762766561249303,0.935064935064935
2022Q4,10,77,4985073.8,4596382.28,4365401.18,72,Corregido (N=2),0.922028933653901,0.8756943939325431,0.935064935064935
2022Q4,11,77,4985073.8,4632920.81,4365401.18,72,Corregido (N=2),0.9293585202289282,0.8756943939325431,0.935064935064935
2022Q4,12,77,4985073.8,4568246.206363636,4307491.859999999,70,Corregido (N=2),0.916384870042172,0.8640778517662064,0.9090909090909091
2022Q4,13,77,4985073.8,4584661.696363636,4285978.83,69,Corregido (N=2),0.9196777982230948,0.8597623629965118,0.8961038961038961
2022Q4,14,77,4985073.8,4693643.716363637,4266414.81,69,Corregido (N=2),0.9415394645438623,0.8558378433635224,0.8961038961038961
2022Q4,15,77,4985073.8,4615431.421363637,4285978.83,69,Corregido (N=2),0.9258501692319253,0.8597623629965118,0.8961038961038961
2022Q4,16,77,4985073.8,4505187.196363636,4285978.83,69,Corregido (N=2),0.9037353060577832,0.8597623629965118,0.8961038961038961
2022Q4,17,77,4985073.8,4452949.276363636,4224958.29,68,Corregido (N=2),0.8932564401280552,0.8475217137206675,0.8831168831168831
2022Q4,18,77,4985073.8,4438292.116363636,4182958.2900000005,67,Corregido (N=2),0.8903162308978528,0.8390965626226037,0.8701298701298701
2022Q4,19,77,4985073.8,4742279.716363637,4204308.29,68,Corregido (N=2),0.9512957895154204,0.8433793477641194,0.8831168831168831
2022Q4,20,77,4985073.8,4746586.3963636365,4200989.45,68,Corregido (N=2),0.9521597045090159,0.8427135923243504,0.8831168831168831
2022Q4,21,77,4985073.8,4767135.106363636,4178444.48,68,Corregido (N=2),0.9562817518094991,0.8381910975921761,0.8831168831168831
2022Q4,22,77,4985073.8,4693829.356363636,4144846.7900000005,68,Corregido (N=2),0.9415767037117156,0.8314514400970354,0.8831168831168831
2022Q4,23,51,3390975.0,3175238.64,2956552.83,48,Corregido (N=2),0.9363792537544512,0.8718887134231306,0.9411764705882353
2022Q4,24,32,1916250.0,1897226.31,1783902.54,31,Corregido (N=2),0.9900724383561644,0.9309341369863013,0.96875
2023Q1,0,128,5822756.8,5822756.8,5822756.8,128,Corregido (N=2),1.0,1.0,1.0
2023Q1,1,128,5822756.8,5684396.2,5564696.2,127,Corregido (N=2),0.9762379565638051,0.9556806837613414,0.9921875
2023Q1,2,128,5822756.8,5506316.2,5424416.2,125,Corregido (N=2),0.9456545050962802,0.9315890026524893,0.9765625
2023Q1,3,128,5822756.8,5454866.2,5366666.2,124,Corregido (N=2),0.936818484330309,0.9216710201600727,0.96875
2023Q1,4,128,5822756.8,5388296.2,5300096.2,124,Corregido (N=2),0.9253857554208688,0.9102382912506324,0.96875
2023Q1,5,128,5822756.8,5430388.775,5285488.775,123,Corregido (N=2),0.9326147324236521,0.9077296127154066,0.9609375
2023Q1,6,128,5822756.8,5430388.775,5285488.775,123,Corregido (N=2),0.9326147324236521,0.9077296127154066,0.9609375
2023Q1,7,128,5822756.8,5563506.515,5272888.775,123,Corregido (N=2),0.9554763673110991,0.9055656892625158,0.9609375
2023Q1,8,128,5822756.8,5315770.775,5147098.775,121,Corregido (N=2),0.9129302420805211,0.8839625201244882,0.9453125
2023Q1,9,128,5822756.8,5564493.095,5115598.775,120,Corregido (N=2),0.9556458025174605,0.8785527114922609,0.9375
2023Q1,10,128,5822756.8,5495919.275,5033488.775,118,Corregido (N=2),0.9438689376482289,0.8644511436575886,0.921875
2023Q1,11,128,5822756.8,5392207.625,5069283.275,117,Corregido (N=2),0.9260575033805294,0.8705984895333427,0.9140625
2023Q1,12,128,5822756.8,5263173.755,4920298.775,113,Corregido (N=2),0.903897232149555,0.8450118979724519,0.8828125
2023Q1,13,128,5822756.8,5224706.585,4885177.955,113,Corregido (N=2),0.8972908820440517,0.8389802498706455,0.8828125
2023Q1,14,128,5822756.8,5167427.405,4827898.775,112,Corregido (N=2),0.8874537581579915,0.8291431259845853,0.875
2023Q1,15,128,5822756.8,5167427.405,4827898.775,112,Corregido (N=2),0.8874537581579915,0.8291431259845853,0.875
2023Q1,16,128,5822756.8,5218446.275,4861288.775,113,Corregido (N=2),0.8962157366764829,0.8348775231347462,0.8828125
2023Q1,17,128,5822756.8,5117066.01,4721266.2,109,Corregido (N=2),0.8788046943674515,0.8108300521842163,0.8515625
2023Q1,18,128,5822756.8,5120920.56,4721266.2,109,Corregido (N=2),0.8794666746170817,0.8108300521842163,0.8515625
2023Q1,19,128,5822756.8,5265721.44,4755452.94,109,Corregido (N=2),0.9043347714608312,0.8167012814273817,0.8515625
2023Q1,20,90,4468606.8,3583496.4899999998,3321916.92,72,Corregido (N=2),0.8019270100023121,0.7433898458016042,0.8
2023Q1,21,60,2839216.8,2563325.1,2279661.7199999997,49,Corregido (N=2),0.9028282377027356,0.8029192134957781,0.8166666666666667
2023Q2,0,144,6504434.58,6504434.58,6504434.58,144,Corregido (N=2),1.0,1.0,1.0
2023Q2,1,144,6504434.58,6604630.41,6493934.58,144,Corregido (N=2),1.0154042336451634,0.9983857167182085,1.0
2023Q2,2,144,6504434.58,6388934.58,6367934.58,144,Corregido (N=2),0.9822428839002944,0.9790143173367115,1.0
2023Q2,3,144,6504434.58,6443534.58,6336434.58,142,Corregido (N=2),0.9906371569656097,0.9741714674913373,0.9861111111111112
2023Q2,4,144,6504434.58,6443534.58,6336434.58,142,Corregido (N=2),0.9906371569656097,0.9741714674913373,0.9861111111111112
2023Q2,5,144,6504434.58,6312142.41,6273434.58,141,Corregido (N=2),0.9704367585475816,0.9644857678005887,0.9791666666666666
2023Q2,6,144,6504434.58,6404716.29,6273434.58,141,Corregido (N=2),0.9846691839584925,0.9644857678005887,0.9791666666666666
2023Q2,7,144,6504434.58,6332150.79,6157138.26,139,Corregido (N=2),0.973512872198032,0.946606224456792,0.9652777777777778
2023Q2,8,144,6504434.58,6336854.37,6150374.58,138,Corregido (N=2),0.9742360065369433,0.9455663677379933,0.9583333333333334
2023Q2,9,144,6504434.58,6148685.55,5910684.78,135,Corregido (N=2),0.9453066941292843,0.9087161546945715,0.9375
2023Q2,10,144,6504434.58,6137328.96,5873174.58,133,Corregido (N=2),0.9435607176173644,0.9029492890986998,0.9236111111111112
2023Q2,11,144,6504434.58,5992946.19,5782874.58,131,Corregido (N=2),0.9213631279231038,0.8890664528752936,0.9097222222222222
2023Q2,12,144,6504434.58,5924840.67,5687849.58,130,Corregido (N=2),0.910892499129417,0.8744571891750812,0.9027777777777778
2023Q2,13,144,6504434.58,5992206.36,5675249.58,129,Corregido (N=2),0.9212493855230688,0.8725200492369315,0.8958333333333334
2023Q2,14,144,6504434.58,5958956.22,5595274.4399999995,129,Corregido (N=2),0.9161374669402855,0.8602245700501764,0.8958333333333334
2023Q2,15,144,6504434.58,5851506.36,5527199.58,126,Corregido (N=2),0.8996179895470638,0.8497586549636725,0.875
2023Q2,16,144,6504434.58,5828015.34,5497274.58,125,Corregido (N=2),0.8960064504177087,0.845157947610567,0.8680555555555556
2023Q2,17,98,4451894.58,3796835.91,3693086.46,85,Corregido (N=2),0.8528584497614048,0.8295538884930199,0.8673469387755102
2023Q2,18,51,2649045.0,2157882.72,2077845.0,43,Corregido (N=2),0.8145889254429427,0.784375123865393,0.8431372549019608
2023Q3,0,187,7327780.32,7327780.32,7327780.32,187,Corregido (N=2),1.0,1.0,1.0
2023Q3,1,187,7327780.32,7296980.25,7237480.32,186,Corregido (N=2),0.9957968076750423,0.9876770323267551,0.9946524064171123
2023Q3,2,187,7327780.32,7210880.25,7149280.32,184,Corregido (N=2),0.9840470012889251,0.9756406452970741,0.983957219251337
2023Q3,3,187,7327780.32,7175390.25,7120090.32,183,Corregido (N=2),0.9792037884126963,0.9716571743515368,0.9786096256684492
2023Q3,4,187,7327780.32,7157596.32,7106545.32,182,Corregido (N=2),0.9767755046455868,0.9698087292005501,0.9732620320855615
2023Q3,5,187,7327780.32,7067387.67,6998290.32,181,Corregido (N=2),0.964465003230337,0.9550354970248344,0.9679144385026738
2023Q3,6,187,7327780.32,7067427.36,6975190.32,180,Corregido (N=2),0.9644704196045004,0.9518831099456322,0.9625668449197861
2023Q3,7,187,7327780.32,6905097.36,6856960.32,179,Corregido (N=2),0.942317735857016,0.9357486197129884,0.9572192513368984
2023Q3,8,187,7327780.32,7118895.21,6929410.32,178,Corregido (N=2),0.9714940813072845,0.9456356519159407,0.9518716577540107
2023Q3,9,187,7327780.32,7009528.89,6899380.32,178,Corregido (N=2),0.9565691906549949,0.9415375487129778,0.9518716577540107
2023Q3,10,187,7327780.32,6977521.74,6748824.390000001,177,Corregido (N=2),0.9522012717761168,0.9209916366597628,0.946524064171123
2023Q3,11,187,7327780.32,6652433.34,6469928.85,171,Corregido (N=2),0.9078374418298609,0.8829316064977231,0.9144385026737968
2023Q3,12,187,7327780.32,6673275.21,6469928.85,171,Corregido (N=2),0.9106816687430389,0.8829316064977231,0.9144385026737968
2023Q3,13,187,7327780.32,6652275.21,6469928.85,171,Corregido (N=2),0.9078158623074005,0.8829316064977231,0.9144385026737968
2023Q3,14,131,5284230.0,4818372.72,4682074.529999999,120,Corregido (N=2),0.9118400826610499,0.8860466955450462,0.916030534351145
2023Q3,15,65,2532600.0,2248256.22,2213516.34,61,Corregido (N=2),0.8877265339966833,0.8740094527363184,0.9384615384615385
2023Q4,0,191,7921860.485,7921860.485,7921860.484999999,191,Corregido (N=2),1.0,0.9999999999999999,1.0
2023Q4,1,191,7921860.485,7705796.42,7587846.35,190,Corregido (N=2),0.9727255907360252,0.9578364027449796,0.9947643979057592
2023Q4,2,191,7921860.485,7777196.42,7569996.35,189,Corregido (N=2),0.9817386250018009,0.9555831441785356,0.9895287958115183
2023Q4,3,191,7921860.485,7686896.42,7469196.35,189,Corregido (N=2),0.9703397875480256,0.9428588605092052,0.9895287958115183
2023Q4,4,191,7921860.485,7595354.69,7365780.484999999,189,Corregido (N=2),0.9587842028247989,0.9298043684241933,0.9895287958115183
2023Q4,5,191,7921860.485,7552094.69,7419750.484999999,187,Corregido (N=2),0.9533233644167113,0.9366171619721474,0.9790575916230366
2023Q4,6,191,7921860.485,7552094.69,7419750.484999999,187,Corregido (N=2),0.9533233644167113,0.9366171619721474,0.9790575916230366
2023Q4,7,191,7921860.485,7437162.53,7304818.324999999,185,Corregido (N=2),0.9388151361769407,0.9221089337323768,0.9685863874345549
2023Q4,8,191,7921860.485,7482018.32,7292218.324999999,185,Corregido (N=2),0.9444774159008684,0.9205183982737104,0.9685863874345549
2023Q4,9,191,7921860.485,7528522.4,7283083.324999999,183,Corregido (N=2),0.9503477641717141,0.9193652600661774,0.9581151832460733
2023Q4,10,191,7921860.485,8408332.73,7290703.385,184,Corregido (N=2),1.0614088377245638,0.9203271628937302,0.9633507853403142
2023Q4,11,136,5645670.485,5247190.97,5118315.545,131,Corregido (N=2),0.9294185666594035,0.906591264686607,0.9632352941176471
2023Q4,12,64,2752479.135,2594306.4,2512614.1950000003,61,Corregido (N=2),0.942534447222976,0.9128549470366831,0.953125
2024Q1,0,132,5653447.17,5653447.17,5653447.17,132,Corregido (N=2),1.0,1.0,1.0
2024Q1,1,132,5653447.17,6096093.99,5532586.29,128,Corregido (N=2),1.078296799579008,0.9786217370808119,0.9696969696969697
2024Q1,2,132,5653447.17,5304694.29,5304694.29,127,Corregido (N=2),0.9383114638709891,0.9383114638709891,0.9621212121212122
2024Q1,3,132,5653447.17,5341423.29,5310973.29,127,Corregido (N=2),0.9448082080512304,0.9394221136765306,0.9621212121212122
2024Q1,4,132,5653447.17,5237494.29,5207044.29,126,Corregido (N=2),0.9264249107682031,0.9210388163935032,0.9545454545454546
2024Q1,5,132,5653447.17,5220569.76,5193312.390000001,126,Corregido (N=2),0.9234312452237879,0.9186098735579058,0.9545454545454546
2024Q1,6,132,5653447.17,5244719.76,5195412.390000001,126,Corregido (N=2),0.9277029752451016,0.9189813283423679,0.9545454545454546
2024Q1,7,132,5653447.17,5580572.13,5385586.29,127,Corregido (N=2),0.9871096274876837,0.9526199021684676,0.9621212121212122
2024Q1,8,89,3569753.88,3585873.06,3504753.0,86,Corregido (N=2),1.0045154877736278,0.9817912152531928,0.9662921348314607
2024Q1,9,57,2313787.98,2393522.88,2272725.0,55,Corregido (N=2),1.0344607633409868,0.9822529201660042,0.9649122807017544
2024Q2,0,219,10553943.555,10553943.555,10553943.555,219,Corregido (N=2),1.0,1.0,1.0
2024Q2,1,219,10553943.555,9833380.53,9782980.530000001,215,Corregido (N=2),0.9317257079076732,0.9269502417762363,0.9817351598173516
2024Q2,2,219,10553943.555,9488560.53,9319930.53,214,Corregido (N=2),0.8990535604584252,0.883075646693659,0.9771689497716894
2024Q2,3,219,10553943.555,9210498.69,9075700.53,212,Corregido (N=2),0.8727068362646743,0.8599345337317373,0.9680365296803652
2024Q2,4,219,10553943.555,9020785.32,8906987.16,210,Corregido (N=2),0.8547312455282504,0.8439487205500789,0.958904109589041
2024Q2,5,135,6392256.165,5436074.19,5273805.405,127,Corregido (N=2),0.8504155731061821,0.8250303599965318,0.9407407407407408
2024Q2,6,69,3107934.495,2914874.46,2789784.495,65,Corregido (N=2),0.9378815623976012,0.8976329776216857,0.9420289855072463
2024Q3,0,153,6454918.68,6454918.68,6454918.68,153,Corregido (N=2),1.0,1.0,1.0
2024Q3,1,153,6454918.68,6374908.68,6373018.68,152,Corregido (N=2),0.9876048012428252,0.9873120012721833,0.9934640522875817
2024Q3,2,104,4186191.87,4185246.87,4058091.87,103,Corregido (N=2),0.9997742578387837,0.9693993959240096,0.9903846153846154
2024Q3,3,48,2095275.21,2017961.6099999999,1967175.21,47,Corregido (N=2),0.96310098089692,0.9388624466186473,0.9791666666666666
2024Q4,0,50,2201333.4,2201333.4,2201333.4,50,Corregido (N=2),1.0,1.0,1.0
