escenario,regla,ajuste,new_cop,expansion_cop,price_uplift_cop,reactivation_cop,contraction_cop,churn_cop,nrr12_2023
Modelo actual (caja),Referencia,caja = MRR,91554992.76,38544969.330000006,0.0,84736101.44999999,-84439193.16,-72934661.52,0.8226002093662504
Base: corregido (N = 2),—,reglas por defecto,66781516.919999994,28441650.509999994,1666133.7763636364,5893773.549999999,-31680992.075,-17978481.535,0.9119241713601199
Mora tolerada N = 1,Tolerancia de mora,gap_tolerance = 1,66781516.919999994,27920852.39999999,1662602.6263636367,8440187.350000001,-31502001.514999997,-20916582.505,0.9101903730674861
Mora tolerada N = 3,Tolerancia de mora,gap_tolerance = 3,66781516.919999994,28858583.669999998,1669589.1163636365,3858702.4000000004,-31728708.485,-15706077.625,0.9242429675512888
Mora final = churn,Mora abierta al cierre,trailing_policy = churn,66781516.919999994,28453047.839999992,1654736.4463636365,5893773.549999999,-31680992.075,-21066462.445,0.9102838201095176
Sin separar subidas de precio,Subidas de precio,detect_pricing = False,66781516.919999994,31035435.55636364,0.0,5893773.549999999,-32641121.105000004,-17978481.535,0.9123202458652186
Sin retroactivos,Retroactivo de una subida,retro_max_k = 0,66781516.919999994,29906495.009999998,1128940.5463636364,5893773.549999999,-32641121.105000004,-17978481.535,0.9123202458652186
Sin prepagos,Prepagos multi-mes,prepay_min_amount = ∞,74832547.44,28448475.509999994,1663698.54,8867967.149999999,-31359149.850000005,-27553487.849999998,0.8922932143316773
Sin puestas al día,Puestas al día y pagos agrupados,detect_catchup = False,69494381.55,53166512.699999996,1653736.0063636366,12807047.68,-61906972.05499999,-21238171.884999998,0.9039878384052291
Sin picos,Picos puntuales,spike_factor = ∞,69360405.96,31963022.489999995,1665161.2663636364,6975399.55,-38720775.87500001,-18468201.535,0.8735636131433189
Uso variable: nadie,Clientes de uso variable,usage_distinct_amounts = ∞,66781516.919999994,25246099.200000003,1915490.296363637,5162817.9399999995,-28003841.675000004,-17978481.535,0.9119241713601199
Uso variable: todos,Clientes de uso variable,usage_distinct_amounts = 1,69360405.96,33090990.52636363,537193.2300000001,6975399.55,-38720775.87500001,-18468201.535,0.8735636131433189
