quarter,sm_cop,sm_variable_cop,sm_fixed_cop,delta_arr_cop,magic_number,new_customers,new_mrr_cop,magic_number_new_only,cac_variable_cop,complete
2022Q1,660000000.0,498100000.0,161900000.0,,,138,9204152.79,,3609420.2898550723,True
2022Q2,740200000.0,567200000.0,173000000.0,46078396.20000005,0.06981575181818189,90,4779470.4,0.08689946181818183,6302222.222222222,True
2022Q3,895100000.0,645400000.0,249700000.0,23302788.599999905,0.03148174628478777,75,4871600.23,0.07897757735747096,8605333.333333334,True
2022Q4,1000300000.0,715700000.0,284600000.0,68559530.27999997,0.07659426910959666,77,4985073.8,0.06683151111607641,9294805.194805196,True
2023Q1,865100000.0,613800000.0,251300000.0,25796077.440000057,0.025788340937718743,128,5822756.8,0.06985212596221133,4795312.5,True
2023Q2,820200000.0,540900000.0,279300000.0,75824798.70000005,0.08764859403537169,144,6504434.58,0.09022450001155936,3756250.0,True
2023Q3,410300000.0,247900000.0,162400000.0,79407192.48000002,0.09681442633504025,187,7327780.32,0.1072096608632041,1325668.449197861,True
2023Q4,415100000.0,270300000.0,144800000.0,109365997.51636362,0.26655129787073756,191,7921860.485,0.23168980214477214,1415183.2460732984,True
2024Q1,560200000.0,388400000.0,171800000.0,8264912.460000038,0.019910653962900596,132,5653447.17,0.163433789544688,2942424.242424242,True
2024Q2,660200000.0,452200000.0,208000000.0,101365763.27999997,0.18094566811852905,219,10553943.555,0.2260751921813638,2064840.182648402,True
2024Q3,555100000.0,367900000.0,187200000.0,70850788.67999983,0.10731715946682797,153,6454918.68,0.11732660430172674,2404575.163398693,True
2024Q4,200000000.0,116000000.0,84000000.0,28666968.120000124,0.05164288978562444,50,1906230.9,0.04120837831021437,2320000.0,False
