PaidMedia,Travel,PublicidadNoWeb,Freelance,SoftwareTools,Team,PayrollExpenses,month,sm_total_cop
104000000.0,12000000.0,34000000.0,10000000.0,8000000.0,24000000.0,8000000.0,2022-01,200000000.0
108100000.0,16100000.0,39100000.0,11500000.0,9200000.0,27600000.000000004,18400000.0,2022-02,230000000.0
108100000.0,16100000.0,27600000.000000004,11500000.0,13800000.000000002,27600000.000000004,25300000.0,2022-03,230000000.0
122200000.0,14099999.999999998,40000000.0,14099999.999999998,11800000.0,28199999.999999996,4700000.0,2022-04,235100000.0
135000000.0,18900000.0,32400000.0,18900000.0,8100000.0,32400000.0,24300000.0,2022-05,270000000.0
105800000.0,14099999.999999998,37600000.0,14099999.999999998,14099999.999999998,28199999.999999996,21200000.0,2022-06,235100000.0
88000000.0,13200000.0,30800000.0,19800000.0,13200000.0,26400000.0,28599999.999999996,2022-07,220000000.0
130000000.0,19500000.0,55300000.00000001,22800000.0,9800000.0,39000000.0,48700000.0,2022-08,325100000.0
150500000.0,24500000.0,63000000.0,28000000.000000004,14000000.000000002,42000000.0,28000000.000000004,2022-09,350000000.0
146300000.0,26300000.0,45000000.0,33800000.0,18800000.0,45000000.0,60000000.0,2022-10,375200000.0
150000000.0,21000000.0,42000000.0,27000000.0,9000000.0,36000000.0,15000000.0,2022-11,300000000.0
130000000.0,19500000.0,52000000.0,22800000.0,9800000.0,39000000.0,52000000.0,2022-12,325100000.0
136500000.0,22800000.0,58500000.0,16300000.0,19500000.0,39000000.0,32500000.0,2023-01,325100000.0
105000000.0,15000000.0,42500000.0,20000000.0,10000000.0,30000000.0,27500000.000000004,2023-02,250000000.0
130500000.0,17400000.0,37700000.0,11600000.0,8700000.0,34800000.0,49300000.0,2023-03,290000000.0
138700000.0,17700000.0,35400000.0,17700000.0,14800000.0,35400000.0,35400000.0,2023-04,295100000.0
138000000.0,24200000.0,41400000.0,0.0,13800000.000000002,41400000.0,86300000.0,2023-05,345100000.0
82800000.0,12600000.0,25200000.0,7199999.999999999,7199999.999999999,41200000.0,3800000.0,2023-06,180000000.0
68300000.0,12300000.0,28000000.000000004,0.0,7000000.000000001,41500000.0,18000000.0,2023-07,175100000.0
40000000.0,6600000.0,17600000.0,0.0,3300000.0,41600000.0,899999.9999999999,2023-08,110000000.0
51300000.0,7500000.0,16300000.0,0.0,3800000.0,41900000.0,4400000.0,2023-09,125200000.0
55400000.00000001,8100000.0,21600000.0,0.0,5400000.0,42300000.0,2300000.0,2023-10,135100000.0
59800000.0,7800000.0,15600000.0,0.0,5200000.0,43200000.0,-1600000.0,2023-11,130000000.0
67500000.0,9000000.0,25500000.0,0.0,9000000.0,44300000.0,-5300000.0,2023-12,150000000.0
70300000.0,13000000.0,33300000.0,0.0,7400000.0,44200000.0,16900000.0,2024-01,185100000.0
102000000.0,12000000.0,30000000.0,0.0,12000000.0,44300000.0,-300000.0,2024-02,200000000.0
87500000.0,10500000.0,29800000.0,0.0,8800000.0,43200000.0,-4700000.0,2024-03,175100000.0
103499999.99999999,13500000.0,29300000.0,0.0,6800000.000000001,44200000.0,27800000.000000004,2024-04,225100000.0
110500000.0,14099999.999999998,35300000.0,0.0,14099999.999999998,44500000.0,16600000.0,2024-05,235100000.0
98000000.0,12000000.0,36000000.0,0.0,6000000.0,44700000.0,3300000.0,2024-06,200000000.0
90000000.0,10800000.0,28799999.999999996,0.0,7199999.999999999,44800000.0,-1600000.0,2024-07,180000000.0
87400000.0,11400000.0,26600000.0,0.0,5700000.0,44900000.0,14000000.000000002,2024-08,190000000.0
74000000.0,13000000.0,25900000.0,0.0,9300000.0,44900000.0,18000000.0,2024-09,185100000.0
78000000.0,12000000.0,26000000.0,0.0,8000000.0,45300000.0,30700000.0,2024-10,200000000.0
