month,status,customers,mrr_cop
2022-01,active,377,33767958.35
2022-02,active,457,38992275.63
2022-02,churned,7,0.0
2022-02,gap,20,1538265.96
2022-02,prepaid,1,19250.0
2022-03,active,467,37643399.85
2022-03,churned,10,0.0
2022-03,gap,37,4918339.86
2022-03,prepaid,1,19250.0
2022-04,active,499,41242347.06
2022-04,churned,14,0.0
2022-04,gap,20,1975882.44
2022-04,prepaid,1,19250.0
2022-05,active,532,44268608.16
2022-05,churned,21,0.0
2022-05,gap,17,1459435.74
2022-05,prepaid,2,325250.0
2022-06,active,520,37796421.6
2022-06,churned,30,0.0
2022-06,gap,52,8217809.46
2022-06,prepaid,3,406625.0
2022-07,active,586,43974906.85
2022-07,churned,34,0.0
2022-07,gap,14,3742613.91
2022-07,prepaid,3,406625.0
2022-08,active,609,46513005.21
2022-08,churned,39,0.0
2022-08,gap,10,1841397.3900000001
2022-08,prepaid,5,505500.0
2022-09,active,629,47425401.660000004
2022-09,churned,40,0.0
2022-09,gap,5,411903.45
2022-09,prepaid,6,525450.0
2022-10,active,654,48281442.09
2022-10,churned,42,0.0
2022-10,gap,10,907503.45
2022-10,prepaid,6,525450.0
2022-11,active,669,49602228.9
2022-11,churned,47,0.0
2022-11,gap,10,676240.95
2022-11,prepaid,5,219450.0
2022-12,active,697,53223449.3
2022-12,churned,48,0.0
2022-12,gap,7,633150.0
2022-12,prepaid,5,219450.0
2023-01,active,733,53415991.65
2023-01,churned,64,0.0
2023-01,gap,12,1511878.41
2023-01,prepaid,8,402733.8
2023-02,active,763,55087645.83
2023-02,churned,67,0.0
2023-02,gap,9,734634.6
2023-02,prepaid,8,402733.8
2023-03,active,792,55176029.02
2023-03,churned,74,0.0
2023-03,gap,11,646959.6
2023-03,prepaid,8,402733.8
2023-04,active,822,56914862.34
2023-04,churned,86,0.0
2023-04,gap,19,1708486.71
2023-04,prepaid,9,424433.8
2023-05,active,861,59895733.8
2023-05,churned,99,0.0
2023-05,gap,14,804090.0
2023-05,prepaid,9,363533.8
2023-06,active,899,60877934.215
2023-06,churned,102,0.0
2023-06,gap,19,1302987.63
2023-06,prepaid,9,363533.8
2023-07,active,959,62210490.09
2023-07,churned,106,0.0
2023-07,gap,21,1612639.77
2023-07,prepaid,8,290581.375
2023-08,active,1021,66961261.71
2023-08,churned,115,0.0
2023-08,gap,17,734765.22
2023-08,prepaid,7,270631.375
2023-09,active,1078,68081985.72
2023-09,churned,120,0.0
2023-09,gap,11,809104.59
2023-09,prepaid,7,270631.375
2023-10,active,1133,70945788.585
2023-10,churned,130,0.0
2023-10,gap,11,806459.4299999999
2023-10,prepaid,6,203666.57499999998
2023-11,active,1203,75130350.89
2023-11,churned,137,0.0
2023-11,gap,6,96600.0
2023-11,prepaid,6,203666.57499999998
2023-12,active,1241,76321371.28636363
2023-12,churned,142,0.0
2023-12,gap,20,1851085.95
2023-12,prepaid,4,103097.575
2024-01,active,1283,76136868.36
2024-01,churned,154,0.0
2024-01,gap,21,1788105.27
2024-01,prepaid,6,259441.81136363637
2024-02,active,1292,74913733.44
2024-02,churned,171,0.0
2024-02,gap,27,1581495.09
2024-02,prepaid,6,259441.81136363637
2024-03,active,1320,76770171.345
2024-03,churned,184,0.0
2024-03,gap,30,1956384.36
2024-03,prepaid,5,237741.81136363637
2024-04,active,1397,80985258.075
2024-04,churned,189,0.0
2024-04,gap,18,1280626.83
2024-04,prepaid,4,217266.81136363637
2024-05,active,1457,83733440.28
2024-05,churned,196,0.0
2024-05,gap,16,857524.71
2024-05,prepaid,5,252575.28136363637
2024-06,active,1530,86349527.04
2024-06,churned,211,0.0
2024-06,gap,13,835264.71
2024-06,prepaid,4,226652.70636363636
2024-07,active,1566,87995135.2
2024-07,churned,226,0.0
2024-07,gap,9,621242.16
2024-07,prepaid,5,253952.70636363636
2024-08,active,1602,90029804.76
2024-08,churned,237,0.0
2024-08,gap,17,624582.0
2024-08,prepaid,6,275652.70636363636
2024-09,active,1645,91214230.17
2024-09,churned,235,0.0
2024-09,delinquent_open,13,968025.87
2024-09,gap,12,857768.1000000001
2024-09,prepaid,6,275652.70636363636
2024-10,active,1678,92427897.24
2024-10,churned,232,0.0
2024-10,delinquent_open,46,3087980.91
2024-10,prepaid,5,188712.70636363636
