month,metric,value,center,lcl,ucl,signal,direction,reason
2022-04,net,656489.7899999991,1476707.3319444444,-2611042.8737967284,5564457.537685618,False,,
2022-05,net,2815814.3999999985,1476707.3319444444,-2611042.8737967284,5564457.537685618,False,,
2022-06,net,367562.1600000039,1476707.3319444444,-2611042.8737967284,5564457.537685618,False,,
2022-07,net,1703289.6999999955,1476707.3319444444,-2611042.8737967284,5564457.537685618,False,,
2022-08,net,735756.8400000036,1476707.3319444444,-2611042.8737967284,5564457.537685618,False,,
2022-09,net,-497147.4900000021,1476707.3319444444,-2611042.8737967284,5564457.537685618,False,,
2022-10,net,1351640.4299999997,1476707.3319444444,-2611042.8737967284,5564457.537685618,False,,
2022-11,net,783524.3100000024,1476707.3319444444,-2611042.8737967284,5564457.537685618,False,,
2022-12,net,3578129.4499999955,1476707.3319444444,-2611042.8737967284,5564457.537685618,False,,
2023-01,net,1254554.5600000024,1476707.3319444444,-2611042.8737967284,5564457.537685618,False,,
2023-02,net,894410.3699999973,1476707.3319444444,-2611042.8737967284,5564457.537685618,False,,
2023-03,net,708.1900000050664,1476707.3319444444,-2611042.8737967284,5564457.537685618,False,,
2023-04,net,2822060.4299999997,1476707.3319444444,-2611042.8737967284,5564457.537685618,False,,
2023-05,net,2015574.75,1476707.3319444444,-2611042.8737967284,5564457.537685618,False,,
2023-06,net,1481098.0450000018,1476707.3319444444,-2611042.8737967284,5564457.537685618,False,,
2023-07,net,1569255.5899999961,1476707.3319444444,-2611042.8737967284,5564457.537685618,False,,
2023-08,net,3852947.0700000077,1476707.3319444444,-2611042.8737967284,5564457.537685618,False,,
2023-09,net,1195063.3799999952,1476707.3319444444,-2611042.8737967284,5564457.537685618,False,,
2023-10,net,2794192.905000001,1476707.3319444444,-2611042.8737967284,5564457.537685618,False,,
2023-11,net,3474702.875,1476707.3319444444,-2611042.8737967284,5564457.537685618,False,,
2023-12,net,2844937.346363634,1476707.3319444444,-2611042.8737967284,5564457.537685618,False,,
2024-01,net,-91139.37000000477,1476707.3319444444,-2611042.8737967284,5564457.537685618,False,,
2024-02,net,-1429745.099999994,1476707.3319444444,-2611042.8737967284,5564457.537685618,False,,
2024-03,net,2209627.174999997,1476707.3319444444,-2611042.8737967284,5564457.537685618,False,,
2024-04,net,3518854.200000003,1476707.3319444444,-2611042.8737967284,5564457.537685618,False,,
2024-05,net,2360388.5549999923,1476707.3319444444,-2611042.8737967284,5564457.537685618,False,,
2024-06,net,2567904.1850000024,1476707.3319444444,-2611042.8737967284,5564457.537685618,False,,
2024-07,net,1458885.6099999994,1476707.3319444444,-2611042.8737967284,5564457.537685618,False,,
2024-08,net,2059709.400000006,1476707.3319444444,-2611042.8737967284,5564457.537685618,False,,
2024-09,net,2385637.379999995,1476707.3319444444,-2611042.8737967284,5564457.537685618,False,,
2024-10,net,2388914.0100000054,1476707.3319444444,-2611042.8737967284,5564457.537685618,False,,
2022-04,new,1099800.0,1905062.0072222224,-77715.08310718951,3887839.0975516345,False,,
2022-05,new,2132845.47,1905062.0072222224,-77715.08310718951,3887839.0975516345,False,,
2022-06,new,1546824.93,1905062.0072222224,-77715.08310718951,3887839.0975516345,False,,
2022-07,new,2545829.23,1905062.0072222224,-77715.08310718951,3887839.0975516345,False,,
2022-08,new,1577121.0,1905062.0072222224,-77715.08310718951,3887839.0975516345,False,,
2022-09,new,748650.0,1905062.0072222224,-77715.08310718951,3887839.0975516345,False,,
2022-10,new,1916250.0,1905062.0072222224,-77715.08310718951,3887839.0975516345,False,,
2022-11,new,1474725.0,1905062.0072222224,-77715.08310718951,3887839.0975516345,False,,
2022-12,new,1594098.8,1905062.0072222224,-77715.08310718951,3887839.0975516345,False,,
2023-01,new,2839216.8,1905062.0072222224,-77715.08310718951,3887839.0975516345,False,,
2023-02,new,1629390.0,1905062.0072222224,-77715.08310718951,3887839.0975516345,False,,
2023-03,new,1354150.0,1905062.0072222224,-77715.08310718951,3887839.0975516345,False,,
2023-04,new,2649045.0,1905062.0072222224,-77715.08310718951,3887839.0975516345,False,,
2023-05,new,1802849.58,1905062.0072222224,-77715.08310718951,3887839.0975516345,False,,
2023-06,new,2052540.0,1905062.0072222224,-77715.08310718951,3887839.0975516345,False,,
2023-07,new,2532600.0,1905062.0072222224,-77715.08310718951,3887839.0975516345,False,,
2023-08,new,2751630.0,1905062.0072222224,-77715.08310718951,3887839.0975516345,False,,
2023-09,new,2043550.32,1905062.0072222224,-77715.08310718951,3887839.0975516345,False,,
2023-10,new,2752479.135,1905062.0072222224,-77715.08310718951,3887839.0975516345,False,,
2023-11,new,2893191.35,1905062.0072222224,-77715.08310718951,3887839.0975516345,False,,
2023-12,new,2276190.0,1905062.0072222224,-77715.08310718951,3887839.0975516345,False,,
2024-01,new,2313787.98,1905062.0072222224,-77715.08310718951,3887839.0975516345,True,arriba,8 puntos seguidos del mismo lado
2024-02,new,1255965.9,1905062.0072222224,-77715.08310718951,3887839.0975516345,False,,
2024-03,new,2083693.29,1905062.0072222224,-77715.08310718951,3887839.0975516345,False,,
2024-04,new,3107934.495,1905062.0072222224,-77715.08310718951,3887839.0975516345,False,,
2024-05,new,3284321.67,1905062.0072222224,-77715.08310718951,3887839.0975516345,False,,
2024-06,new,4161687.39,1905062.0072222224,-77715.08310718951,3887839.0975516345,True,arriba,fuera de los límites
2024-07,new,2095275.21,1905062.0072222224,-77715.08310718951,3887839.0975516345,True,arriba,3 de 4 puntos cerca del límite
2024-08,new,2090916.66,1905062.0072222224,-77715.08310718951,3887839.0975516345,False,,
2024-09,new,2268726.81,1905062.0072222224,-77715.08310718951,3887839.0975516345,False,,
2024-10,new,1906230.9,1905062.0072222224,-77715.08310718951,3887839.0975516345,True,arriba,8 puntos seguidos del mismo lado
2022-04,expansion,1016388.2399999996,829654.6416666665,-960483.8779803925,2619793.1613137256,False,,
2022-05,expansion,1825055.19,829654.6416666665,-960483.8779803925,2619793.1613137256,False,,
2022-06,expansion,403312.35,829654.6416666665,-960483.8779803925,2619793.1613137256,False,,
2022-07,expansion,858940.11,829654.6416666665,-960483.8779803925,2619793.1613137256,False,,
2022-08,expansion,971787.3900000002,829654.6416666665,-960483.8779803925,2619793.1613137256,False,,
2022-09,expansion,235689.92999999996,829654.6416666665,-960483.8779803925,2619793.1613137256,False,,
2022-10,expansion,221604.6,829654.6416666665,-960483.8779803925,2619793.1613137256,False,,
2022-11,expansion,520413.39000000025,829654.6416666665,-960483.8779803925,2619793.1613137256,False,,
2022-12,expansion,1228608.57,829654.6416666665,-960483.8779803925,2619793.1613137256,False,,
2023-01,expansion,747899.2499999998,829654.6416666665,-960483.8779803925,2619793.1613137256,False,,
2023-02,expansion,1176543.9,829654.6416666665,-960483.8779803925,2619793.1613137256,False,,
2023-03,expansion,448104.3000000003,829654.6416666665,-960483.8779803925,2619793.1613137256,False,,
2023-04,expansion,802199.5799999994,829654.6416666665,-960483.8779803925,2619793.1613137256,False,,
2023-05,expansion,1568414.82,829654.6416666665,-960483.8779803925,2619793.1613137256,False,,
2023-06,expansion,688350.1800000002,829654.6416666665,-960483.8779803925,2619793.1613137256,False,,
2023-07,expansion,261647.19,829654.6416666665,-960483.8779803925,2619793.1613137256,False,,
2023-08,expansion,1680087.78,829654.6416666665,-960483.8779803925,2619793.1613137256,False,,
2023-09,expansion,278736.77999999997,829654.6416666665,-960483.8779803925,2619793.1613137256,False,,
2023-10,expansion,799985.13,829654.6416666665,-960483.8779803925,2619793.1613137256,False,,
2023-11,expansion,1749774.1799999997,829654.6416666665,-960483.8779803925,2619793.1613137256,False,,
2023-12,expansion,1634318.49,829654.6416666665,-960483.8779803925,2619793.1613137256,False,,
2024-01,expansion,873028.1699999999,829654.6416666665,-960483.8779803925,2619793.1613137256,False,,
2024-02,expansion,800451.3300000001,829654.6416666665,-960483.8779803925,2619793.1613137256,False,,
2024-03,expansion,1142462.0550000002,829654.6416666665,-960483.8779803925,2619793.1613137256,False,,
2024-04,expansion,1297708.1249999998,829654.6416666665,-960483.8779803925,2619793.1613137256,False,,
2024-05,expansion,969725.4,829654.6416666665,-960483.8779803925,2619793.1613137256,False,,
2024-06,expansion,488480.16,829654.6416666665,-960483.8779803925,2619793.1613137256,False,,
2024-07,expansion,847682.4300000004,829654.6416666665,-960483.8779803925,2619793.1613137256,False,,
2024-08,expansion,1247973.51,829654.6416666665,-960483.8779803925,2619793.1613137256,False,,
2024-09,expansion,880692.54,829654.6416666665,-960483.8779803925,2619793.1613137256,False,,
2024-10,expansion,775585.4400000001,829654.6416666665,-960483.8779803925,2619793.1613137256,False,,
2022-04,reactivation,0.0,201665.77666666667,-570881.4735098041,974213.0268431373,False,,
2022-05,reactivation,0.0,201665.77666666667,-570881.4735098041,974213.0268431373,False,,
2022-06,reactivation,119700.0,201665.77666666667,-570881.4735098041,974213.0268431373,False,,
2022-07,reactivation,451500.0,201665.77666666667,-570881.4735098041,974213.0268431373,False,,
2022-08,reactivation,19950.0,201665.77666666667,-570881.4735098041,974213.0268431373,False,,
2022-09,reactivation,0.0,201665.77666666667,-570881.4735098041,974213.0268431373,False,,
2022-10,reactivation,136500.0,201665.77666666667,-570881.4735098041,974213.0268431373,False,,
2022-11,reactivation,42000.0,201665.77666666667,-570881.4735098041,974213.0268431373,False,,
2022-12,reactivation,1522735.4100000001,201665.77666666667,-570881.4735098041,974213.0268431373,True,arriba,fuera de los límites
2023-01,reactivation,139288.17,201665.77666666667,-570881.4735098041,974213.0268431373,False,,
2023-02,reactivation,71400.0,201665.77666666667,-570881.4735098041,974213.0268431373,False,,
2023-03,reactivation,0.0,201665.77666666667,-570881.4735098041,974213.0268431373,False,,
2023-04,reactivation,15750.0,201665.77666666667,-570881.4735098041,974213.0268431373,False,,
2023-05,reactivation,63000.0,201665.77666666667,-570881.4735098041,974213.0268431373,False,,
2023-06,reactivation,147000.0,201665.77666666667,-570881.4735098041,974213.0268431373,False,,
2023-07,reactivation,383800.83,201665.77666666667,-570881.4735098041,974213.0268431373,False,,
2023-08,reactivation,161700.0,201665.77666666667,-570881.4735098041,974213.0268431373,False,,
2023-09,reactivation,355659.57,201665.77666666667,-570881.4735098041,974213.0268431373,False,,
2023-10,reactivation,292021.8,201665.77666666667,-570881.4735098041,974213.0268431373,False,,
2023-11,reactivation,201600.0,201665.77666666667,-570881.4735098041,974213.0268431373,False,,
2023-12,reactivation,56931.0,201665.77666666667,-570881.4735098041,974213.0268431373,False,,
2024-01,reactivation,0.0,201665.77666666667,-570881.4735098041,974213.0268431373,False,,
2024-02,reactivation,0.0,201665.77666666667,-570881.4735098041,974213.0268431373,False,,
2024-03,reactivation,115500.0,201665.77666666667,-570881.4735098041,974213.0268431373,False,,
2024-04,reactivation,57539.99999999999,201665.77666666667,-570881.4735098041,974213.0268431373,False,,
2024-05,reactivation,327533.01,201665.77666666667,-570881.4735098041,974213.0268431373,False,,
2024-06,reactivation,132580.13999999998,201665.77666666667,-570881.4735098041,974213.0268431373,False,,
2024-07,reactivation,453302.07999999996,201665.77666666667,-570881.4735098041,974213.0268431373,False,,
2024-08,reactivation,28350.0,201665.77666666667,-570881.4735098041,974213.0268431373,False,,
2024-09,reactivation,68531.61,201665.77666666667,-570881.4735098041,974213.0268431373,False,,
2024-10,reactivation,529899.93,201665.77666666667,-570881.4735098041,974213.0268431373,False,,
2022-04,contraction,952692.0900000001,966398.6736111114,-378004.8133065357,2310802.1605287585,False,,
2022-05,contraction,574524.51,966398.6736111114,-378004.8133065357,2310802.1605287585,False,,
2022-06,contraction,739399.08,966398.6736111114,-378004.8133065357,2310802.1605287585,False,,
2022-07,contraction,1699719.84,966398.6736111114,-378004.8133065357,2310802.1605287585,False,,
2022-08,contraction,1052263.38,966398.6736111114,-378004.8133065357,2310802.1605287585,False,,
2022-09,contraction,1439487.42,966398.6736111114,-378004.8133065357,2310802.1605287585,False,,
2022-10,contraction,690209.9400000004,966398.6736111114,-378004.8133065357,2310802.1605287585,False,,
2022-11,contraction,896682.96,966398.6736111114,-378004.8133065357,2310802.1605287585,False,,
2022-12,contraction,740967.3599999998,966398.6736111114,-378004.8133065357,2310802.1605287585,False,,
2023-01,contraction,915477.1500000003,966398.6736111114,-378004.8133065357,2310802.1605287585,False,,
2023-02,contraction,1589921.3399999999,966398.6736111114,-378004.8133065357,2310802.1605287585,False,,
2023-03,contraction,1018631.88,966398.6736111114,-378004.8133065357,2310802.1605287585,False,,
2023-04,contraction,284602.49999999994,966398.6736111114,-378004.8133065357,2310802.1605287585,False,,
2023-05,contraction,888950.5800000001,966398.6736111114,-378004.8133065357,2310802.1605287585,False,,
2023-06,contraction,1280497.505,966398.6736111114,-378004.8133065357,2310802.1605287585,False,,
2023-07,contraction,1213314.6900000002,966398.6736111114,-378004.8133065357,2310802.1605287585,False,,
2023-08,contraction,301985.46,966398.6736111114,-378004.8133065357,2310802.1605287585,False,,
2023-09,contraction,1115848.4400000002,966398.6736111114,-378004.8133065357,2310802.1605287585,False,,
2023-10,contraction,637990.9199999998,966398.6736111114,-378004.8133065357,2310802.1605287585,False,,
2023-11,contraction,742450.485,966398.6736111114,-378004.8133065357,2310802.1605287585,False,,
2023-12,contraction,859703.8799999997,966398.6736111114,-378004.8133065357,2310802.1605287585,False,,
2024-01,contraction,2841902.7,966398.6736111114,-378004.8133065357,2310802.1605287585,True,arriba,fuera de los límites
2024-02,contraction,1468122.3900000001,966398.6736111114,-378004.8133065357,2310802.1605287585,False,,
2024-03,contraction,569284.8,966398.6736111114,-378004.8133065357,2310802.1605287585,False,,
2024-04,contraction,784636.02,966398.6736111114,-378004.8133065357,2310802.1605287585,False,,
2024-05,contraction,1408400.385,966398.6736111114,-378004.8133065357,2310802.1605287585,False,,
2024-06,contraction,1402856.9100000001,966398.6736111114,-378004.8133065357,2310802.1605287585,False,,
2024-07,contraction,715283.94,966398.6736111114,-378004.8133065357,2310802.1605287585,False,,
2024-08,contraction,700476.63,966398.6736111114,-378004.8133065357,2310802.1605287585,False,,
2024-09,contraction,957405.5399999998,966398.6736111114,-378004.8133065357,2310802.1605287585,False,,
2024-10,contraction,1197301.35,966398.6736111114,-378004.8133065357,2310802.1605287585,False,,
2022-04,churn,507006.36,526938.6616666666,-606078.5025921571,1659955.8259254904,False,,
2022-05,churn,569997.75,526938.6616666666,-606078.5025921571,1659955.8259254904,False,,
2022-06,churn,962876.04,526938.6616666666,-606078.5025921571,1659955.8259254904,False,,
2022-07,churn,455779.8,526938.6616666666,-606078.5025921571,1659955.8259254904,False,,
2022-08,churn,780838.17,526938.6616666666,-606078.5025921571,1659955.8259254904,False,,
2022-09,churn,42000.0,526938.6616666666,-606078.5025921571,1659955.8259254904,False,,
2022-10,churn,232504.22999999998,526938.6616666666,-606078.5025921571,1659955.8259254904,False,,
2022-11,churn,356931.12,526938.6616666666,-606078.5025921571,1659955.8259254904,False,,
2022-12,churn,48040.02,526938.6616666666,-606078.5025921571,1659955.8259254904,False,,
2023-01,churn,1585139.57,526938.6616666666,-606078.5025921571,1659955.8259254904,False,,
2023-02,churn,441508.62,526938.6616666666,-606078.5025921571,1659955.8259254904,False,,
2023-03,churn,828795.03,526938.6616666666,-606078.5025921571,1659955.8259254904,False,,
2023-04,churn,488172.72,526938.6616666666,-606078.5025921571,1659955.8259254904,False,,
2023-05,churn,691873.56,526938.6616666666,-606078.5025921571,1659955.8259254904,False,,
2023-06,churn,152588.52,526938.6616666666,-606078.5025921571,1659955.8259254904,False,,
2023-07,churn,428635.9,526938.6616666666,-606078.5025921571,1659955.8259254904,False,,
2023-08,churn,501191.45999999996,526938.6616666666,-606078.5025921571,1659955.8259254904,False,,
2023-09,churn,411017.04,526938.6616666666,-606078.5025921571,1659955.8259254904,False,,
2023-10,churn,465566.64,526938.6616666666,-606078.5025921571,1659955.8259254904,False,,
2023-11,churn,673398.18,526938.6616666666,-606078.5025921571,1659955.8259254904,False,,
2023-12,churn,321965.0,526938.6616666666,-606078.5025921571,1659955.8259254904,False,,
2024-01,churn,494328.24,526938.6616666666,-606078.5025921571,1659955.8259254904,False,,
2024-02,churn,2063026.1400000001,526938.6616666666,-606078.5025921571,1659955.8259254904,True,arriba,fuera de los límites
2024-03,churn,570658.6900000001,526938.6616666666,-606078.5025921571,1659955.8259254904,False,,
2024-04,churn,162043.35,526938.6616666666,-606078.5025921571,1659955.8259254904,False,,
2024-05,churn,873402.1799999999,526938.6616666666,-606078.5025921571,1659955.8259254904,False,,
2024-06,churn,861848.365,526938.6616666666,-606078.5025921571,1659955.8259254904,False,,
2024-07,churn,1302843.99,526938.6616666666,-606078.5025921571,1659955.8259254904,False,,
2024-08,churn,704504.85,526938.6616666666,-606078.5025921571,1659955.8259254904,False,,
2022-04,new_count,19.0,38.94444444444444,8.432679738562086,69.4562091503268,False,,
2022-05,new_count,38.0,38.94444444444444,8.432679738562086,69.4562091503268,False,,
2022-06,new_count,33.0,38.94444444444444,8.432679738562086,69.4562091503268,False,,
2022-07,new_count,32.0,38.94444444444444,8.432679738562086,69.4562091503268,False,,
2022-08,new_count,26.0,38.94444444444444,8.432679738562086,69.4562091503268,False,,
2022-09,new_count,17.0,38.94444444444444,8.432679738562086,69.4562091503268,False,,
2022-10,new_count,32.0,38.94444444444444,8.432679738562086,69.4562091503268,False,,
2022-11,new_count,19.0,38.94444444444444,8.432679738562086,69.4562091503268,True,abajo,8 puntos seguidos del mismo lado
2022-12,new_count,26.0,38.94444444444444,8.432679738562086,69.4562091503268,True,abajo,8 puntos seguidos del mismo lado
2023-01,new_count,60.0,38.94444444444444,8.432679738562086,69.4562091503268,False,,
2023-02,new_count,30.0,38.94444444444444,8.432679738562086,69.4562091503268,False,,
2023-03,new_count,38.0,38.94444444444444,8.432679738562086,69.4562091503268,False,,
2023-04,new_count,51.0,38.94444444444444,8.432679738562086,69.4562091503268,False,,
2023-05,new_count,47.0,38.94444444444444,8.432679738562086,69.4562091503268,False,,
2023-06,new_count,46.0,38.94444444444444,8.432679738562086,69.4562091503268,False,,
2023-07,new_count,65.0,38.94444444444444,8.432679738562086,69.4562091503268,False,,
2023-08,new_count,66.0,38.94444444444444,8.432679738562086,69.4562091503268,False,,
2023-09,new_count,56.0,38.94444444444444,8.432679738562086,69.4562091503268,True,arriba,3 de 4 puntos cerca del límite
2023-10,new_count,64.0,38.94444444444444,8.432679738562086,69.4562091503268,True,arriba,3 de 4 puntos cerca del límite
2023-11,new_count,72.0,38.94444444444444,8.432679738562086,69.4562091503268,True,arriba,fuera de los límites
2023-12,new_count,55.0,38.94444444444444,8.432679738562086,69.4562091503268,True,arriba,8 puntos seguidos del mismo lado
2024-01,new_count,57.0,38.94444444444444,8.432679738562086,69.4562091503268,True,arriba,8 puntos seguidos del mismo lado
2024-02,new_count,32.0,38.94444444444444,8.432679738562086,69.4562091503268,True,abajo,3 de 4 puntos cerca del límite
2024-03,new_count,43.0,38.94444444444444,8.432679738562086,69.4562091503268,False,,
2024-04,new_count,69.0,38.94444444444444,8.432679738562086,69.4562091503268,False,,
2024-05,new_count,66.0,38.94444444444444,8.432679738562086,69.4562091503268,False,,
2024-06,new_count,84.0,38.94444444444444,8.432679738562086,69.4562091503268,True,arriba,fuera de los límites
2024-07,new_count,48.0,38.94444444444444,8.432679738562086,69.4562091503268,True,arriba,3 de 4 puntos cerca del límite
2024-08,new_count,56.0,38.94444444444444,8.432679738562086,69.4562091503268,True,arriba,3 de 4 puntos cerca del límite
2024-09,new_count,49.0,38.94444444444444,8.432679738562086,69.4562091503268,False,,
2024-10,new_count,50.0,38.94444444444444,8.432679738562086,69.4562091503268,True,arriba,8 puntos seguidos del mismo lado
2022-06,cac3_variable,6302222.222222222,5272811.580561164,2537499.7427817704,8008123.418340557,False,,
2022-07,cac3_variable,5132038.834951457,5272811.580561164,2537499.7427817704,8008123.418340557,False,,
2022-08,cac3_variable,6054945.054945055,5272811.580561164,2537499.7427817704,8008123.418340557,False,,
2022-09,cac3_variable,8605333.333333334,5272811.580561164,2537499.7427817704,8008123.418340557,True,arriba,fuera de los límites
2022-10,cac3_variable,9933333.333333334,5272811.580561164,2537499.7427817704,8008123.418340557,True,arriba,fuera de los límites
2022-11,cac3_variable,11138235.294117646,5272811.580561164,2537499.7427817704,8008123.418340557,True,arriba,fuera de los límites
2022-12,cac3_variable,9294805.194805196,5272811.580561164,2537499.7427817704,8008123.418340557,True,arriba,fuera de los límites
2023-01,cac3_variable,6651428.571428572,5272811.580561164,2537499.7427817704,8008123.418340557,True,arriba,3 de 4 puntos cerca del límite
2023-02,cac3_variable,5525000.0,5272811.580561164,2537499.7427817704,8008123.418340557,True,arriba,3 de 4 puntos cerca del límite
2023-03,cac3_variable,4795312.5,5272811.580561164,2537499.7427817704,8008123.418340557,False,,
2023-04,cac3_variable,4951260.50420168,5272811.580561164,2537499.7427817704,8008123.418340557,False,,
2023-05,cac3_variable,4487500.0,5272811.580561164,2537499.7427817704,8008123.418340557,False,,
2023-06,cac3_variable,3756250.0,5272811.580561164,2537499.7427817704,8008123.418340557,False,,
2023-07,cac3_variable,2784810.1265822784,5272811.580561164,2537499.7427817704,8008123.418340557,False,,
2023-08,cac3_variable,1698305.0847457626,5272811.580561164,2537499.7427817704,8008123.418340557,True,abajo,fuera de los límites
2023-09,cac3_variable,1325668.449197861,5272811.580561164,2537499.7427817704,8008123.418340557,True,abajo,fuera de los límites
2023-10,cac3_variable,1206451.6129032257,5272811.580561164,2537499.7427817704,8008123.418340557,True,abajo,fuera de los límites
2023-11,cac3_variable,1267708.3333333333,5272811.580561164,2537499.7427817704,8008123.418340557,True,abajo,fuera de los límites
2023-12,cac3_variable,1415183.2460732984,5272811.580561164,2537499.7427817704,8008123.418340557,True,abajo,fuera de los límites
2024-01,cac3_variable,1640217.391304348,5272811.580561164,2537499.7427817704,8008123.418340557,True,abajo,fuera de los límites
2024-02,cac3_variable,2518055.5555555555,5272811.580561164,2537499.7427817704,8008123.418340557,True,abajo,fuera de los límites
2024-03,cac3_variable,2942424.242424242,5272811.580561164,2537499.7427817704,8008123.418340557,True,abajo,8 puntos seguidos del mismo lado
2024-04,cac3_variable,2903472.222222222,5272811.580561164,2537499.7427817704,8008123.418340557,True,abajo,8 puntos seguidos del mismo lado
2024-05,cac3_variable,2438202.2471910114,5272811.580561164,2537499.7427817704,8008123.418340557,True,abajo,fuera de los límites
2024-06,cac3_variable,2064840.182648402,5272811.580561164,2537499.7427817704,8008123.418340557,True,abajo,fuera de los límites
2024-07,cac3_variable,2199494.9494949495,5272811.580561164,2537499.7427817704,8008123.418340557,True,abajo,fuera de los límites
2024-08,cac3_variable,2132978.723404255,5272811.580561164,2537499.7427817704,8008123.418340557,True,abajo,fuera de los límites
2024-09,cac3_variable,2404575.163398693,5272811.580561164,2537499.7427817704,8008123.418340557,True,abajo,fuera de los límites
2024-10,cac3_variable,2285806.4516129033,5272811.580561164,2537499.7427817704,8008123.418340557,True,abajo,fuera de los límites
